{
  "prodigytech:main/meat_patty": {
    "criteria": {
      "iron": "2020-02-23 22:15:03 +0900"
    },
    "done": true
  },
  "minecraft:recipes/redstone/tnt": {
    "criteria": {
      "has_gunpowder": "2020-02-21 17:03:58 +0900"
    },
    "done": true
  },
  "prodigytech:main/heat_capacitor": {
    "criteria": {
      "2": "2020-02-23 22:15:01 +0900"
    },
    "done": true
  },
  "minecraft:recipes/redstone/repeater": {
    "criteria": {
      "has_redstone_torch": "2020-02-21 17:04:12 +0900"
    },
    "done": true
  },
  "prodigytech:main/primordium": {
    "criteria": {
      "reshaper": "2020-02-23 22:14:55 +0900",
      "reactor": "2020-02-23 22:14:52 +0900"
    },
    "done": true
  },
  "prodigytech:main/aeroheater": {
    "criteria": {
      "tartaric": "2020-02-23 16:35:25 +0900"
    },
    "done": true
  },
  "minecraft:recipes/decorations/yellow_carpet": {
    "criteria": {
      "has_yellow_wool": "2020-02-21 16:38:51 +0900"
    },
    "done": true
  },
  "minecraft:recipes/decorations/yellow_banner": {
    "criteria": {
      "has_yellow_wool": "2020-02-21 16:38:51 +0900"
    },
    "done": true
  },
  "prodigytech:main/rotary_grinder": {
    "criteria": {
      "iron": "2020-02-23 22:14:32 +0900"
    },
    "done": true
  },
  "prodigytech:main/zorra_altar": {
    "criteria": {
      "reshaper": "2020-02-23 21:40:42 +0900"
    },
    "done": true
  },
  "prodigytech:main/zorra_leaf": {
    "criteria": {
      "reshaper": "2020-02-23 22:14:59 +0900"
    },
    "done": true
  },
  "prodigytech:main/fuel_pellet_64": {
    "criteria": {
      "iron": "2020-02-23 22:14:41 +0900"
    },
    "done": true
  },
  "prodigytech:main/explosion_furnace": {
    "criteria": {
      "iron": "2020-02-23 16:36:15 +0900"
    },
    "done": true
  },
  "prodigytech:main/energion_crystal_seed": {
    "criteria": {
      "iron": "2020-02-23 21:40:45 +0900"
    },
    "done": true
  },
  "prodigytech:main/solderer": {
    "criteria": {
      "iron": "2020-02-23 22:14:28 +0900"
    },
    "done": true
  },
  "minecraft:story/lava_bucket": {
    "criteria": {
      "lava_bucket": "2020-02-23 22:19:00 +0900"
    },
    "done": true
  },
  "minecraft:recipes/decorations/ladder": {
    "criteria": {
      "has_stick": "2020-02-21 17:12:53 +0900"
    },
    "done": true
  },
  "immersiveengineering:main/place_windmill": {
    "criteria": {
      "place_windmill": "2020-02-23 15:33:38 +0900"
    },
    "done": true
  },
  "immersiveengineering:main/craft_hammer": {
    "criteria": {
      "craft_hammer": "2020-02-23 15:37:55 +0900"
    },
    "done": true
  },
  "minecraft:husbandry/root": {
    "criteria": {
      "consumed_item": "2020-02-23 21:36:46 +0900"
    },
    "done": true
  },
  "prodigytech:main/energion_aeroheater": {
    "criteria": {
      "iron": "2020-02-23 22:14:30 +0900"
    },
    "done": true
  },
  "minecraft:story/root": {
    "criteria": {
      "crafting_table": "2020-02-23 15:35:11 +0900"
    },
    "done": true
  },
  "prodigytech:main/tartaric_aeroheater": {
    "criteria": {
      "reshaper": "2020-02-23 16:35:25 +0900"
    },
    "done": true
  },
  "minecraft:recipes/redstone/wooden_pressure_plate": {
    "criteria": {
      "has_planks": "2020-02-23 15:46:37 +0900"
    },
    "done": true
  },
  "minecraft:recipes/combat/arrow": {
    "criteria": {
      "has_flint": "2020-02-21 17:02:32 +0900"
    },
    "done": true
  },
  "minecraft:recipes/misc/stick": {
    "criteria": {
      "has_planks": "2020-02-23 15:46:37 +0900"
    },
    "done": true
  },
  "minecraft:adventure/root": {
    "criteria": {
      "killed_something": "2020-02-21 17:02:26 +0900"
    },
    "done": true
  },
  "minecraft:recipes/decorations/sign": {
    "criteria": {
      "has_planks": "2020-02-23 15:46:37 +0900"
    },
    "done": true
  },
  "minecraft:recipes/building_blocks/clay": {
    "criteria": {
      "has_clay_ball": "2020-02-23 16:41:29 +0900"
    },
    "done": true
  }
}