{"stat.useItem.minecraft.string":2,"stat.pickup.minecraft.bone":3,"stat.pickup.tfc.ore/native_gold":97,"stat.leaveGame":2,"stat.pickup.tfc.gem/emerald":1,"stat.jump":416,"stat.pickup.tfc.hide/sheepskin/medium":1,"stat.swimOneCm":15,"stat.fallOneCm":3715,"stat.useItem.tfc.stone/knife/metamorphic":3,"stat.pickup.tfc.dirt/shale":13,"stat.crouchOneCm":515,"stat.useItem.rustichromia.cotton_seed":1,"stat.mineBlock.tfc.plants/snapdragon_yellow":2,"stat.useItem.minecraft.stone_slab2":37,"stat.pickup.tfc.straw":2,"stat.pickup.tfc.rock/dacite":401,"stat.pickup.tfc.food/rabbit":1,"stat.damageTaken":30,"stat.killEntity.sheeptfc":1,"stat.pickup.tfc.raw/shale":1,"stat.mineBlock.minecraft.torch":2,"stat.flyOneCm":460975,"stat.useItem.tfc.metal/shears/bismuth_bronze":4,"stat.damageDealt":120,"stat.pickup.tfc.raw/dacite":1,"stat.timeSinceDeath":132584,"stat.mineBlock.tfc.plants/foxglove":2,"stat.walkOneCm":85073,"stat.useItem.minecraft.torch":41,"stat.pickup.minecraft.stick":3,"stat.useItem.minecraft.tnt":35,"stat.killEntity.pheasanttfc":1,"stat.pickup.tfc.plants/porcini":6,"stat.pickup.minecraft.tnt":30,"stat.killEntity.rabbittfc":1,"stat.mineBlock.tfc.plants/scutch_grass":3,"stat.pickup.tfc.cobble/shale":3,"stat.sprintOneCm":42207,"stat.mineBlock.tfc.raw/dacite":2,"stat.pickup.tfc.hide/raw/small":1,"stat.pickup.tfc.cobble/dacite":3,"stat.mineBlock.tfc.ore/native_gold/dacite":1,"stat.useItem.minecraft.flint_and_steel":4,"stat.useItem.tfc.metal/pick/black_bronze":3,"stat.useItem.tfc.metal/propick/black_bronze":214,"stat.pickup.tfc.ore/bismuthinite":8,"stat.mobKills":3,"stat.mineBlock.tfc.plants/reindeer_lichen":3,"stat.playOneMinute":132584,"stat.pickup.minecraft.torch":6,"stat.useItem.immersiveengineering.wooden_device0":51,"stat.sneakTime":570,"stat.pickup.tfc.gem/jasper":1,"stat.pickup.tfc.food/mutton":2,"stat.diveOneCm":462,"stat.pickup.tfc.rock/shale":836}