{"stat.mineBlock.tfc.clay_grass/andesite":15,"stat.useItem.mysticalmechanics.gearbox_frame":2,"stat.leaveGame":18,"stat.mineBlock.tfc.plants/nasturtium":1,"stat.drop.rustichromia.dust_wood":64,"stat.pickup.tfc.firestarter":1,"stat.drop.minecraft.feather":1,"stat.pickup.tfc.ceramics/fired/vessel":1,"stat.mineBlock.tfc.gravel/andesite":15,"stat.useItem.tfc.metal/pick/copper":22,"stat.pickup.tfc.plants/nasturtium":1,"stat.useItem.mekanism.configurator":4,"stat.pickup.tfc.hide/raw/large":11,"stat.pickup.tfc.food/pheasant":6,"stat.pickup.tfctech.metal/bismuth_bronze_wire":1,"stat.pickup.tfc.rock/phyllite":185,"stat.drop.tfc.plants/nasturtium":1,"stat.pickup.mystgears.gear_black_hole":3,"stat.useItem.tfc.gravel/andesite":2,"stat.drop.dynamictreestfc.seed/hevea":9,"stat.useItem.tfc.wood/log/oak":1,"stat.mineBlock.tfc.ore/native_copper/andesite":1,"stat.mineBlock.minecraft.hopper":1,"stat.useItem.immersiveengineering.sheetmetal_slab":2,"stat.drop.tfctech.fridge":1,"stat.pickup.tfc.wood/chest_trap/rosewood":1,"stat.drop.tfc.firestarter":1,"stat.mineBlock.tfc.plants/ryegrass":5,"stat.useItem.rustic.wildberries":2,"stat.useItem.minecraft.flint_and_steel":74,"stat.drop.dynamictreestfc.seed/sequoia":4,"stat.pickup.tfc.raw/phyllite":3,"stat.pickup.minecraft.lever":10,"stat.deaths":3,"stat.mineBlock.tfctech.smeltery_cauldron":1,"stat.pickup.minecraft.glass_pane":1,"stat.useItem.rustic.horsetail":2,"stat.drop.minecraft.torch":2,"stat.drop.minecraft.glass_bottle":1,"stat.useItem.minecraft.splash_potion":15,"stat.mineBlock.rustichromia.crank":1,"stat.pickup.mekanism.transmitter":1,"stat.pickup.immersiveengineering.material":17,"stat.pickup.minecraft.arrow":1,"stat.mineBlock.chisel.dirt":5,"stat.mineBlock.mysticalmechanics.gearbox_frame":1,"stat.drop.tfc.rock/andesite":1,"stat.mineBlock.prodigymechanics.hot_air_engine":1,"stat.crouchOneCm":51060,"stat.craftingTableInteraction":8,"stat.pickup.tfc.gem/sapphire":1,"stat.pickup.immersiveengineering.stone_decoration":2,"stat.pickup.minecraft.planks":30,"stat.useItem.tfc.food/pheasant":1,"stat.pickup.tfc.wood/log/hevea":61,"stat.craftItem.tfc.firestarter":3,"stat.useItem.tfc.food/cooked_rabbit":1,"stat.drop.rustic.horsetail":1,"stat.drop.tfctech.wire_draw_bench":1,"stat.pickup.tfctech.powder/ash":19,"stat.pickup.chisel.glasspane":1,"stat.drop.minecraft.glass_pane":1,"stat.useItem.tfc.wood/log/acacia":5,"stat.pickup.minecraft.hopper":1,"stat.pickup.nuclearcraft.fluid_steam":1,"stat.pickup.waterflasks.bladder":43,"stat.mineBlock.tfc.plants/moss":4,"stat.useItem.tfc.goldpan":339,"stat.useItem.tfc.food/fish":1,"stat.useItem.tfc.stone/shovel/sedimentary":51,"stat.killEntity.wolftfc":1,"stat.useItem.tfc.food/cooked_beef":5,"stat.useItem.prodigytech.wormhole_linker":16,"stat.pickup.immersiveengineering.connector":1,"stat.pickup.funkylocomotion.pusher":1,"stat.mineBlock.tfc.charcoal_forge":1,"stat.pickup.tfc.food/mutton":11,"stat.useItem.engineerstools.ariadne_coal":7,"stat.pickup.modularmachinery.blockoutputbus":1,"stat.pickup.minecraft.flint":8,"stat.pickup.dynamictreestfc.seed/sequoia":4,"stat.mineBlock.gravelores.coal_gravel_ore":13,"stat.useItem.tfc.stone/axe/igneous_extrusive":41,"stat.pickup.immersiveengineering.metal_decoration0":1,"stat.pickup.tfc.ore/lignite":16,"stat.useItem.rustichromia.windmill":2,"stat.pickup.mysticalmechanics.axle_iron":3,"stat.useItem.minecraft.obsidian":4,"stat.useItem.minecraft.stone_slab2":1129,"stat.mineBlock.tfc.plants/allium":1,"stat.mineBlock.mekanism.transmitter":1,"stat.drop.theoneprobe.probenote":1,"stat.useItem.mekanism.basicblock2":10,"stat.pickup.rustichromia.ratiobox":13,"stat.drop.rustic.wind_thistle":2,"stat.craftItem.tfc.thatch":6,"stat.flyOneCm":1415200,"stat.useItem.tfc.crop/seeds/cabbage":1,"stat.mineBlock.tfc.grass/andesite":57,"stat.drop.tombmanygraves.death_list":1,"stat.timeSinceDeath":274332,"stat.drop.tfc.food/rabbit":1,"stat.pickup.rustichromia.press":1,"stat.drop.mystgears.mechanical_dial":5,"stat.drop.tfctech.powder/lime":63,"stat.pickup.tfctech.powder/lime":2,"stat.pickup.engineersdecor.small_mineral_smelter":1,"stat.drop.minecraft.flint_and_steel":1,"stat.pickup.mystgears.mechanical_dial":6,"stat.pickup.minecraft.string":2,"stat.pickup.tfc.metal/propick/copper":1,"stat.mineBlock.minecraft.ladder":1,"stat.drop.tfc.ore/magnetite":198,"stat.sprintOneCm":703764,"stat.pickup.immersiveengineering.tool":1,"stat.pickup.tfc.plants/rough_horsetail":1,"stat.useItem.tfc.food/cooked_chicken":1,"stat.drop.tfc.metal/pick/black_steel":1,"stat.craftItem.tfctech.powder/potash":1,"stat.pickup.tfc.ore/bismuthinite":1,"stat.mineBlock.tfctech.smeltery_firebox":2,"stat.useItem.minecraft.ladder":43,"stat.diveOneCm":2893,"stat.mineBlock.immersiveengineering.metal_device1":12,"stat.pickup.storagedrawers.basicdrawers":1,"stat.useItem.mekanism.basicblock":15,"stat.mineBlock.simplewoodenpipes.pipe":11,"stat.pickup.tfc.goldpan":1,"stat.pickup.minecraft.obsidian":3,"stat.pickup.tfc.wood/log/oak":7,"stat.useItem.immersiveengineering.stone_decoration":30,"stat.jump":7837,"stat.pickup.minecraft.coal":639,"stat.pickup.tfc.sluice":1,"stat.pickup.tfc.food/venison":6,"stat.pickup.appliedenergistics2.facade":1,"stat.pickup.tfc.straw":52,"stat.pickup.tfc.wood/log/douglas_fir":12,"stat.pickup.simplewoodenpipes.pump":4,"stat.pickup.tfc.ore/small/native_copper":4,"stat.pickup.prodigytech.solid_fuel_aeroheater":1,"stat.pickup.rustic.wind_thistle":2,"stat.pickup.tfc.food/rabbit":9,"stat.damageTaken":1934,"stat.pickup.prodigymechanics.hot_air_engine":1,"stat.useItem.tfctech.smeltery_firebox":4,"stat.mineBlock.minecraft.torch":1,"stat.pickup.tfc.crop/seeds/cabbage":7,"stat.pickup.immersivepetroleum.schematic":1,"stat.useItem.forge.bucketfilled":1,"stat.drop.tfctech.electric_forge":1,"stat.useItem.immersiveengineering.metal_device0":15,"stat.useItem.immersiveengineering.metal_device1":31,"stat.pickup.rustichromia.hopper_wood":1,"stat.useItem.immersiveengineering.storage":1,"stat.useItem.minecraft.tnt":78,"stat.pickup.tfc.ore/native_copper":18,"stat.useItem.minecraft.lava_bucket":12,"stat.pickup.questbook.itemquestbook":2,"stat.pickup.tfc.gravel/andesite":16,"stat.useItem.minecraft.melon":28,"stat.pickup.tfc.food/pork":15,"stat.drop.tfctech.smeltery_firebox":7,"stat.mineBlock.tfc.plants/scutch_grass":74,"stat.pickup.mystgears.gear_stone":5,"stat.mineBlock.prodigytech.solid_fuel_aeroheater":1,"stat.drop.tfctech.ceramics/fluid_bowl":1,"stat.pickup.tfctech.smeltery_cauldron":1,"stat.pickup.minecraft.ladder":31,"stat.drop.tfc.gravel/andesite":13,"stat.mineBlock.minecraft.tnt":3,"stat.pickup.rustic.grapes":72,"stat.mobKills":3,"stat.pickup.tfc.stone/axe/igneous_extrusive":1,"stat.pickup.minecraft.torch":8,"stat.drop.simplewoodenpipes.pump":1,"stat.mineBlock.rustic.wind_thistle":1,"stat.useItem.tfc.food/onion":1,"stat.useItem.tfc.food/rice_bread":1,"stat.pickup.rustichromia.axle_wood":32,"stat.pickup.simplewoodenpipes.pipe":10,"stat.drop.tfctech.powder/ash":20,"stat.useItem.tfc.stone/shovel/igneous_intrusive":70,"stat.pickup.tfc.hide/sheepskin/medium":11,"stat.mineBlock.tfc.plants/switchgrass":9,"stat.useItem.minecraft.water_bucket":3,"stat.pickup.tfc.hide/raw/medium":40,"stat.pickup.tfc.raw/andesite":3,"stat.useItem.rustichromia.ratiobox":32,"stat.pickup.engineersdecor.small_fluid_funnel":2,"stat.pickup.prodigytech.wormhole_funnel":1,"stat.useItem.funkylocomotion.wrench":2,"stat.hopperInspected":5,"stat.useItem.rustic.elixir":3,"stat.pickup.tfc.powder/flux":64,"stat.useItem.tfc.food/rabbit":4,"stat.pickup.tfc.ore/tetrahedrite":16,"stat.pickup.tfc.gem/topaz":2,"stat.craftItem.tfctech.ceramics/fluid_bowl":1,"stat.pickup.tfc.cobble/andesite":1,"stat.drop.dynamictreestfc.seed/oak":4,"stat.mineBlock.tfc.raw/andesite":2,"stat.drop.tfc.rock/claystone":62,"stat.playOneMinute":1715880,"stat.craftItem.tfc.stone/knife/igneous_extrusive":2,"stat.pickup.tfc.rock/andesite":240,"stat.useItem.immersiveengineering.wooden_device0":15,"stat.pickup.engineersdecor.small_milking_machine":2,"stat.useItem.immersiveengineering.wooden_device1":5,"stat.pickup.tfc.wood/log/sequoia":27,"stat.pickup.chisel.dirt":5,"stat.drop.tfc.ore/bituminous_coal":53,"stat.drop.tfc.ore/lignite":16,"stat.pickup.tfc.ore/bituminous_coal":68,"stat.drop.immersiveengineering.treated_wood":2,"stat.useItem.tfc.stone/knife/igneous_intrusive":60,"stat.drop.immersiveengineering.metal_device1":32,"stat.useItem.rustichromia.axle_wood":41,"stat.fallOneCm":136501,"stat.pickup.tfctech.smeltery_firebox":2,"stat.useItem.modularmachinery.itemblueprint":8,"stat.pickup.dynamictreestfc.seed/oak":14,"stat.mineBlock.rustic.horsetail":9,"stat.useItem.tfc.raw/limestone":13,"stat.useItem.tfc.stone/shovel/igneous_extrusive":4,"stat.mineBlock.minecraft.lever":2,"stat.pickup.minecraft.melon":54,"stat.pickup.rustic.horsetail":17,"stat.mineBlock.rustichromia.hopper_wood":1,"stat.pickup.minecraft.feather":9,"stat.drop.minecraft.bone":1,"stat.pickup.waterflasks.iron_flask":1,"stat.useItem.tfc.cobble/andesite":14,"stat.pickup.tfc.food/horse_meat":16,"stat.drop.betterquesting.guide_book":1,"stat.pickup.minecraft.lead":2,"stat.drop.appliedenergistics2.facade":1,"stat.drop.minecraft.stick":30,"stat.pickup.minecraft.flint_and_steel":2,"stat.pickup.mystgears.gear_googly_eye":16,"stat.useItem.minecraft.torch":12,"stat.drop.tfctech.smeltery_cauldron":8,"stat.pickup.tfc.food/wolf":6,"stat.useItem.rustichromia.hopper_wood":1,"stat.pickup.mysticalmechanics.gear_iron":27,"stat.pickup.tfc.dirt/andesite":171,"stat.pickup.rustichromia.gin":1,"stat.craftItem.tfctech.pot_ash":1,"stat.drop.tfc.ceramics/unfired/bowl":1,"stat.pickup.tfc.plants/houstonia":1,"stat.mineBlock.tfc.wood/barrel/acacia":1,"stat.mineBlock.tfc.plants/morning_glory":1,"stat.drop.tfc.powder/flux":64,"stat.useItem.chisel.dirt":23,"stat.useItem.tfc.metal/pick/black_steel":21,"stat.drop.immersiveengineering.storage":1,"stat.pickup.immersiveengineering.metal_device1":12,"stat.sneakTime":35617,"stat.mineBlock.rustichromia.axle_wood":17,"stat.pickup.tfc.ore/small/tetrahedrite":4,"stat.useItem.tfc.stone/knife/igneous_extrusive":35,"stat.pickup.minecraft.bone":85,"stat.pickup.tfc.metal/shovel/copper":1,"stat.pickup.dynamictreestfc.seed/hevea":24,"stat.useItem.tfc.thatch":5,"stat.useItem.immersiveengineering.conveyor":17,"stat.drop.funkylocomotion.frame_projector":1,"stat.pickup.immersiveengineering.wooden_device0":27,"stat.drop.tfc.ore/native_copper":16,"stat.craftItem.tfc.stone/axe/igneous_extrusive":2,"stat.pickup.engineersdecor.factory_hopper":2,"stat.pickup.tfc.bellows":1,"stat.drop.mysticalmechanics.axle_iron":1,"stat.swimOneCm":17781,"stat.pickup.rustic.ginseng":1,"stat.climbOneCm":9771,"stat.pickup.tfc.rock/gabbro":1,"stat.pickup.tfc.stone/knife/igneous_extrusive":1,"stat.drop.tfc.wood/log/hevea":16,"stat.useItem.immersivetech.metal_device":6,"stat.drop.tfc.straw":3,"stat.pickup.architecturecraft.sawblade":1,"stat.useItem.mystgears.mechanical_dial":5,"stat.pickup.minecraft.cobblestone":6,"stat.pickup.tfc.food/bear":1,"stat.pickup.minecraft.glass_bottle":8,"stat.mineBlock.tfc.plants/houstonia":1,"stat.useItem.modularmachinery.itemconstructtool":103,"stat.pickup.rustichromia.crank":1,"stat.mineBlock.prodigytech.tartaric_aeroheater":1,"stat.useItem.mekanism.transmitter":3,"stat.mineBlock.rustichromia.ratiobox":13,"stat.mineBlock.tfc.plants/foxglove":1,"stat.useItem.tfc.food/cooked_pheasant":1,"stat.pickup.tfc.stone/axe/igneous_intrusive":1,"stat.drop.minecraft.coal":590,"stat.useItem.minecraft.lever":36,"stat.pickup.minecraft.wooden_axe":1,"stat.useItem.immersivepetroleum.schematic":9,"stat.pickup.prodigytech.tartaric_aeroheater":1,"stat.pickup.alternatingflux.material":1,"stat.drop.tfc.dirt/andesite":2,"stat.useItem.immersiveengineering.treated_wood":33,"stat.pickup.tfc.wood/log/acacia":13,"stat.mineBlock.tfc.dirt/andesite":54,"stat.useItem.tfc.metal/propick/copper":102,"stat.drop.rustichromia.axle_wood":1,"stat.pickup.tfc.ore/magnetite":206,"stat.mineBlock.tfc.wood/chest_trap/rosewood":1,"stat.useItem.modularmachinery.blockcontroller":5,"stat.pickup.mysticalmechanics.gear_fan":4,"stat.mineBlock.simplewoodenpipes.pump":4,"stat.pickup.mysticalmechanics.gearbox_frame":2,"stat.mineBlock.tfc.bellows":1,"stat.drop":325,"stat.pickup.tfc.rock/claystone":2,"stat.craftItem.tfc.stone/shovel/igneous_extrusive":1,"stat.pickup.tfc.dirt/gabbro":25,"stat.useItem.modulardiversity.blockmystmechoutput":6,"stat.useItem.tfc.stone/axe/igneous_intrusive":1,"stat.mineBlock.tfc.cobble/andesite":1,"stat.useItem.immersiveengineering.tool":164,"stat.useItem.minecraft.potion":5,"stat.useItem.immersiveengineering.metal_decoration1":45,"stat.useItem.immersiveengineering.metal_decoration0":1,"stat.useItem.tfc.dirt/andesite":43,"stat.mineBlock.tfc.wood/barrel/ash":1,"stat.craftItem.tfc.wood/workbench/blackwood":1,"stat.useItem.minecraft.cooked_chicken":10,"stat.pickup.tfc.wood/barrel/acacia":4,"stat.pickup.tfc.wood/barrel/ash":3,"stat.useItem.tfctech.smeltery_cauldron":3,"stat.mineBlock.tfc.wood/log/acacia":3,"stat.useItem.simplewoodenpipes.pipe":20,"stat.drop.tfc.food/chicken":1,"stat.damageDealt":435,"stat.drop.mystgears.gear_googly_eye":42,"stat.sleepInBed":6,"stat.drop.tfctech.powder/potash":64,"stat.walkOneCm":1077182,"stat.useItem.tfc.firestarter":24,"stat.pickup.minecraft.stick":104,"stat.pickup.minecraft.clay_ball":99,"stat.craftItem.tfc.cobble/andesite":16,"stat.useItem.engineersdecor.small_fluid_funnel":1,"stat.pickup.tfc.ceramics/unfired/bowl":1,"stat.pickup.minecraft.tnt":57,"stat.useItem.immersiveengineering.treated_wood_slab":111,"stat.drop.tfctech.metal/black_steel_blowpipe":1,"stat.pickup.tfc.hide/raw/small":11,"stat.drop.tfctech.ceramics/mold/glass_block":1,"stat.useItem.engineerstools.sleeping_bag":8,"stat.useItem.tfc.metal/shovel/copper":3,"stat.pickup.tfctech.metal/wrought_iron_rod":2,"stat.pickup.tfc.food/chicken":2,"stat.pickup.tfc.food/beef":10,"stat.mineBlock.immersiveengineering.stone_decoration":2,"stat.useItem.tfc.metal/shovel/black_steel":30}