{
  "build:8": "3.5.323",
  "format:8": "2.0.0",
  "questDatabase:9": {
    "0:10": {
      "questID:3": 0,
      "preRequisites:11": [],
      "properties:10": {
        "betterquesting:10": {
          "issilent:1": 0,
          "snd_complete:8": "minecraft:entity.player.levelup",
          "lockedprogress:1": 0,
          "tasklogic:8": "AND",
          "repeattime:3": -1,
          "visibility:8": "NORMAL",
          "simultaneous:1": 0,
          "icon:10": {
            "id:8": "minecraft:clay_ball",
            "Count:3": 1,
            "Damage:2": 0,
            "OreDict:8": ""
          },
          "globalshare:1": 0,
          "questlogic:8": "AND",
          "snd_update:8": "minecraft:entity.player.levelup",
          "autoclaim:1": 0,
          "repeat_relative:1": 1,
          "ismain:1": 1,
          "name:8": "Clay",
          "desc:8": "No Description"
        }
      },
      "tasks:9": {
        "0:10": {
          "partialMatch:1": 1,
          "autoConsume:1": 0,
          "groupDetect:1": 0,
          "ignoreNBT:1": 0,
          "index:3": 0,
          "consume:1": 0,
          "requiredItems:9": {
            "0:10": {
              "id:8": "minecraft:clay_ball",
              "Count:3": 10,
              "Damage:2": 0,
              "OreDict:8": "clay"
            }
          },
          "taskID:8": "bq_standard:retrieval"
        }
      },
      "rewards:9": {}
    },
    "1:10": {
      "questID:3": 1,
      "preRequisites:11": [
        0
      ],
      "properties:10": {
        "betterquesting:10": {
          "issilent:1": 0,
          "snd_complete:8": "minecraft:entity.player.levelup",
          "lockedprogress:1": 0,
          "tasklogic:8": "AND",
          "repeattime:3": -1,
          "visibility:8": "NORMAL",
          "simultaneous:1": 0,
          "icon:10": {
            "id:8": "tfc:goldpan",
            "Count:3": 1,
            "Damage:2": 0,
            "OreDict:8": ""
          },
          "globalshare:1": 0,
          "questlogic:8": "AND",
          "snd_update:8": "minecraft:entity.player.levelup",
          "autoclaim:1": 0,
          "repeat_relative:1": 1,
          "ismain:1": 0,
          "name:8": "Clay tools",
          "desc:8": "No Description"
        }
      },
      "tasks:9": {
        "0:10": {
          "partialMatch:1": 1,
          "autoConsume:1": 0,
          "groupDetect:1": 0,
          "ignoreNBT:1": 0,
          "index:3": 0,
          "consume:1": 0,
          "requiredItems:9": {
            "0:10": {
              "id:8": "tfc:goldpan",
              "Count:3": 1,
              "Damage:2": 0,
              "OreDict:8": ""
            },
            "1:10": {
              "ForgeCaps:10": {
                "Parent:10": {
                  "heat:5": 0.0,
                  "fluidMode:1": 0,
                  "ticks:4": -1,
                  "items:10": {
                    "Size:3": 4,
                    "Items:9": {}
                  }
                }
              },
              "id:8": "tfc:ceramics/fired/vessel",
              "Count:3": 1,
              "Damage:2": 0,
              "OreDict:8": ""
            },
            "2:10": {
              "id:8": "tfc:ceramics/fired/jug",
              "Count:3": 1,
              "Damage:2": 0,
              "OreDict:8": ""
            }
          },
          "taskID:8": "bq_standard:retrieval"
        }
      },
      "rewards:9": {
        "0:10": {
          "rewardID:8": "bq_standard:item",
          "index:3": 0,
          "rewards:9": {
            "0:10": {
              "ForgeCaps:10": {
                "Parent:10": {
                  "heat:5": 0.0,
                  "ticks:4": -1
                }
              },
              "id:8": "tfc:ore/small/native_copper",
              "Count:3": 5,
              "Damage:2": 0,
              "OreDict:8": ""
            }
          }
        }
      }
    },
    "2:10": {
      "questID:3": 2,
      "preRequisites:11": [
        1,
        4
      ],
      "properties:10": {
        "betterquesting:10": {
          "issilent:1": 0,
          "snd_complete:8": "minecraft:entity.player.levelup",
          "lockedprogress:1": 0,
          "tasklogic:8": "AND",
          "repeattime:3": -1,
          "visibility:8": "NORMAL",
          "simultaneous:1": 0,
          "icon:10": {
            "ForgeCaps:10": {
              "Parent:10": {
                "heat:5": 0.0,
                "ticks:4": -1
              }
            },
            "id:8": "tfc:ore/small/native_copper",
            "Count:3": 1,
            "Damage:2": 0,
            "OreDict:8": "oreCopperSmall"
          },
          "globalshare:1": 0,
          "questlogic:8": "AND",
          "snd_update:8": "minecraft:entity.player.levelup",
          "autoclaim:1": 0,
          "repeat_relative:1": 1,
          "ismain:1": 0,
          "name:8": "First Metal",
          "desc:8": "No Description"
        }
      },
      "tasks:9": {
        "0:10": {
          "partialMatch:1": 1,
          "autoConsume:1": 0,
          "groupDetect:1": 0,
          "ignoreNBT:1": 0,
          "index:3": 0,
          "consume:1": 0,
          "requiredItems:9": {
            "0:10": {
              "ForgeCaps:10": {
                "Parent:10": {
                  "heat:5": 0.0,
                  "ticks:4": -1
                }
              },
              "id:8": "tfc:ore/small/native_copper",
              "Count:3": 10,
              "Damage:2": 0,
              "OreDict:8": "oreCopperSmall"
            }
          },
          "taskID:8": "bq_standard:retrieval"
        }
      },
      "rewards:9": {
        "0:10": {
          "rewardID:8": "bq_standard:item",
          "index:3": 0,
          "rewards:9": {
            "0:10": {
              "ForgeCaps:10": {
                "Parent:10": {
                  "heat:5": 0.0,
                  "ticks:4": -1
                }
              },
              "id:8": "tfc:ore/small/native_copper",
              "Count:3": 30,
              "Damage:2": 0,
              "OreDict:8": ""
            }
          }
        }
      }
    },
    "3:10": {
      "questID:3": 3,
      "preRequisites:11": [],
      "properties:10": {
        "betterquesting:10": {
          "issilent:1": 0,
          "snd_complete:8": "minecraft:entity.player.levelup",
          "lockedprogress:1": 0,
          "tasklogic:8": "AND",
          "repeattime:3": -1,
          "visibility:8": "NORMAL",
          "simultaneous:1": 0,
          "icon:10": {
            "id:8": "tfc:wood/log/spruce",
            "Count:3": 1,
            "Damage:2": 0,
            "OreDict:8": ""
          },
          "globalshare:1": 0,
          "questlogic:8": "AND",
          "snd_update:8": "minecraft:entity.player.levelup",
          "autoclaim:1": 0,
          "repeat_relative:1": 1,
          "ismain:1": 1,
          "name:8": "Wood",
          "desc:8": "break tree and collect wood"
        }
      },
      "tasks:9": {
        "0:10": {
          "partialMatch:1": 0,
          "autoConsume:1": 0,
          "groupDetect:1": 0,
          "ignoreNBT:1": 1,
          "index:3": 0,
          "consume:1": 0,
          "requiredItems:9": {
            "0:10": {
              "id:8": "tfc:wood/log/spruce",
              "Count:3": 2,
              "Damage:2": 32767,
              "OreDict:8": "logWood"
            }
          },
          "taskID:8": "bq_standard:retrieval"
        }
      },
      "rewards:9": {
        "0:10": {
          "rewardID:8": "bq_standard:item",
          "index:3": 0,
          "rewards:9": {
            "0:10": {
              "id:8": "tfc:stone/axe/igneous_intrusive",
              "Count:3": 1,
              "Damage:2": 0,
              "OreDict:8": ""
            },
            "1:10": {
              "id:8": "tfc:stone/shovel/igneous_intrusive",
              "Count:3": 1,
              "Damage:2": 0,
              "OreDict:8": ""
            },
            "2:10": {
              "id:8": "tfc:stone/knife/igneous_intrusive",
              "Count:3": 1,
              "Damage:2": 0,
              "OreDict:8": ""
            }
          }
        }
      }
    },
    "4:10": {
      "questID:3": 4,
      "preRequisites:11": [],
      "properties:10": {
        "betterquesting:10": {
          "issilent:1": 0,
          "snd_complete:8": "minecraft:entity.player.levelup",
          "lockedprogress:1": 0,
          "tasklogic:8": "AND",
          "repeattime:3": -1,
          "visibility:8": "NORMAL",
          "simultaneous:1": 0,
          "icon:10": {
            "id:8": "tfc:firepit",
            "Count:3": 1,
            "Damage:2": 0,
            "OreDict:8": ""
          },
          "globalshare:1": 0,
          "questlogic:8": "AND",
          "snd_update:8": "minecraft:entity.player.levelup",
          "autoclaim:1": 0,
          "repeat_relative:1": 1,
          "ismain:1": 1,
          "name:8": "Fire and You",
          "desc:8": "§rUse§r §n§rfirestarter§r to make firepit by §n§o§rstick,straw,log§r"
        }
      },
      "tasks:9": {
        "0:10": {
          "partialMatch:1": 1,
          "autoConsume:1": 0,
          "groupDetect:1": 0,
          "ignoreNBT:1": 0,
          "index:3": 0,
          "consume:1": 0,
          "requiredItems:9": {
            "0:10": {
              "id:8": "tfc:straw",
              "Count:3": 1,
              "Damage:2": 0,
              "OreDict:8": ""
            },
            "1:10": {
              "ForgeCaps:10": {
                "tfc:item_size:10": {
                  "heat:5": 0.0,
                  "ticks:4": -1
                }
              },
              "id:8": "minecraft:stick",
              "Count:3": 3,
              "Damage:2": 0,
              "OreDict:8": ""
            },
            "2:10": {
              "id:8": "tfc:wood/log/acacia",
              "Count:3": 1,
              "Damage:2": 0,
              "OreDict:8": "logWood"
            },
            "3:10": {
              "id:8": "tfc:firestarter",
              "Count:3": 1,
              "Damage:2": 0,
              "OreDict:8": ""
            }
          },
          "taskID:8": "bq_standard:retrieval"
        }
      },
      "rewards:9": {
        "0:10": {
          "rewardID:8": "bq_standard:item",
          "index:3": 0,
          "rewards:9": {
            "0:10": {
              "id:8": "tfc:wood/log/acacia",
              "Count:3": 10,
              "Damage:2": 0,
              "OreDict:8": ""
            }
          }
        }
      }
    },
    "5:10": {
      "questID:3": 5,
      "preRequisites:11": [
        2
      ],
      "properties:10": {
        "betterquesting:10": {
          "issilent:1": 0,
          "snd_complete:8": "minecraft:entity.player.levelup",
          "lockedprogress:1": 0,
          "tasklogic:8": "AND",
          "repeattime:3": -1,
          "visibility:8": "NORMAL",
          "simultaneous:1": 0,
          "icon:10": {
            "id:8": "immersiveengineering:stone_decoration",
            "Count:3": 1,
            "Damage:2": 0,
            "OreDict:8": ""
          },
          "globalshare:1": 0,
          "questlogic:8": "AND",
          "snd_update:8": "minecraft:entity.player.levelup",
          "autoclaim:1": 0,
          "repeat_relative:1": 1,
          "ismain:1": 0,
          "name:8": "Coke Oven",
          "desc:8": "No Description"
        }
      },
      "tasks:9": {
        "0:10": {
          "partialMatch:1": 1,
          "autoConsume:1": 0,
          "groupDetect:1": 0,
          "ignoreNBT:1": 0,
          "index:3": 0,
          "consume:1": 0,
          "requiredItems:9": {
            "0:10": {
              "id:8": "immersiveengineering:stone_decoration",
              "Count:3": 27,
              "Damage:2": 0,
              "OreDict:8": ""
            }
          },
          "taskID:8": "bq_standard:retrieval"
        }
      },
      "rewards:9": {
        "0:10": {
          "rewardID:8": "bq_standard:item",
          "index:3": 0,
          "rewards:9": {
            "0:10": {
              "id:8": "tfc:ore/bituminous_coal",
              "Count:3": 30,
              "Damage:2": 0,
              "OreDict:8": ""
            },
            "1:10": {
              "id:8": "immersiveengineering:tool",
              "Count:3": 1,
              "Damage:2": 0,
              "OreDict:8": ""
            }
          }
        }
      }
    },
    "6:10": {
      "questID:3": 6,
      "preRequisites:11": [
        3,
        2
      ],
      "properties:10": {
        "betterquesting:10": {
          "issilent:1": 0,
          "snd_complete:8": "minecraft:entity.player.levelup",
          "lockedprogress:1": 0,
          "tasklogic:8": "AND",
          "repeattime:3": -1,
          "visibility:8": "NORMAL",
          "simultaneous:1": 0,
          "icon:10": {
            "id:8": "tfc:wood/lumber/oak",
            "Count:3": 1,
            "Damage:2": 0,
            "OreDict:8": ""
          },
          "globalshare:1": 0,
          "questlogic:8": "AND",
          "snd_update:8": "minecraft:entity.player.levelup",
          "autoclaim:1": 0,
          "repeat_relative:1": 1,
          "ismain:1": 0,
          "name:8": "Wooden Plank",
          "desc:8": "No Description"
        }
      },
      "tasks:9": {
        "0:10": {
          "partialMatch:1": 1,
          "autoConsume:1": 0,
          "groupDetect:1": 0,
          "ignoreNBT:1": 0,
          "index:3": 0,
          "consume:1": 0,
          "requiredItems:9": {
            "0:10": {
              "id:8": "tfc:wood/lumber/acacia",
              "Count:3": 10,
              "Damage:2": 0,
              "OreDict:8": "lumber"
            }
          },
          "taskID:8": "bq_standard:retrieval"
        }
      },
      "rewards:9": {
        "0:10": {
          "rewardID:8": "bq_standard:item",
          "index:3": 0,
          "rewards:9": {
            "0:10": {
              "id:8": "storagedrawers:basicdrawers",
              "Count:3": 4,
              "tag:10": {
                "material:8": "oak"
              },
              "Damage:2": 0,
              "OreDict:8": ""
            }
          }
        }
      }
    },
    "7:10": {
      "questID:3": 7,
      "preRequisites:11": [
        6
      ],
      "properties:10": {
        "betterquesting:10": {
          "issilent:1": 0,
          "snd_complete:8": "minecraft:entity.player.levelup",
          "lockedprogress:1": 0,
          "tasklogic:8": "AND",
          "repeattime:3": -1,
          "visibility:8": "NORMAL",
          "simultaneous:1": 0,
          "icon:10": {
            "id:8": "thermalfoundation:material",
            "Count:3": 1,
            "Damage:2": 22,
            "OreDict:8": ""
          },
          "globalshare:1": 0,
          "questlogic:8": "AND",
          "snd_update:8": "minecraft:entity.player.levelup",
          "autoclaim:1": 0,
          "repeat_relative:1": 1,
          "ismain:1": 0,
          "name:8": "Start of Mechanic",
          "desc:8": "No Description"
        }
      },
      "tasks:9": {
        "0:10": {
          "partialMatch:1": 1,
          "autoConsume:1": 0,
          "groupDetect:1": 0,
          "ignoreNBT:1": 0,
          "index:3": 0,
          "consume:1": 0,
          "requiredItems:9": {
            "0:10": {
              "id:8": "rustichromia:axle_wood",
              "Count:3": 10,
              "Damage:2": 0,
              "OreDict:8": ""
            }
          },
          "taskID:8": "bq_standard:retrieval"
        }
      },
      "rewards:9": {
        "0:10": {
          "rewardID:8": "bq_standard:item",
          "index:3": 0,
          "rewards:9": {
            "0:10": {
              "id:8": "rustichromia:windmill",
              "Count:3": 1,
              "Damage:2": 0,
              "OreDict:8": ""
            }
          }
        }
      }
    },
    "8:10": {
      "questID:3": 8,
      "preRequisites:11": [
        5
      ],
      "properties:10": {
        "betterquesting:10": {
          "issilent:1": 0,
          "snd_complete:8": "minecraft:entity.player.levelup",
          "lockedprogress:1": 0,
          "tasklogic:8": "AND",
          "repeattime:3": -1,
          "visibility:8": "NORMAL",
          "simultaneous:1": 0,
          "icon:10": {
            "id:8": "tfc:crop/product/jute_fiber",
            "Count:3": 1,
            "Damage:2": 0,
            "OreDict:8": ""
          },
          "globalshare:1": 0,
          "questlogic:8": "AND",
          "snd_update:8": "minecraft:entity.player.levelup",
          "autoclaim:1": 0,
          "repeat_relative:1": 1,
          "ismain:1": 0,
          "name:8": "Fiber",
          "desc:8": "No Description"
        }
      },
      "tasks:9": {
        "0:10": {
          "partialMatch:1": 1,
          "autoConsume:1": 0,
          "groupDetect:1": 0,
          "ignoreNBT:1": 0,
          "index:3": 0,
          "consume:1": 0,
          "requiredItems:9": {
            "0:10": {
              "id:8": "tfc:crop/product/jute_fiber",
              "Count:3": 10,
              "Damage:2": 0,
              "OreDict:8": ""
            }
          },
          "taskID:8": "bq_standard:retrieval"
        }
      },
      "rewards:9": {}
    },
    "9:10": {
      "questID:3": 9,
      "preRequisites:11": [
        7,
        16
      ],
      "properties:10": {
        "betterquesting:10": {
          "issilent:1": 0,
          "snd_complete:8": "minecraft:entity.player.levelup",
          "lockedprogress:1": 0,
          "tasklogic:8": "AND",
          "repeattime:3": -1,
          "visibility:8": "NORMAL",
          "simultaneous:1": 0,
          "icon:10": {
            "id:8": "rustichromia:gin",
            "Count:3": 1,
            "Damage:2": 0,
            "OreDict:8": ""
          },
          "globalshare:1": 0,
          "questlogic:8": "AND",
          "snd_update:8": "minecraft:entity.player.levelup",
          "autoclaim:1": 0,
          "repeat_relative:1": 1,
          "ismain:1": 0,
          "name:8": "Too many fibers",
          "desc:8": "No Description"
        }
      },
      "tasks:9": {
        "0:10": {
          "partialMatch:1": 1,
          "autoConsume:1": 0,
          "groupDetect:1": 0,
          "ignoreNBT:1": 0,
          "index:3": 0,
          "consume:1": 0,
          "requiredItems:9": {
            "0:10": {
              "id:8": "rustichromia:gin",
              "Count:3": 1,
              "Damage:2": 0,
              "OreDict:8": ""
            }
          },
          "taskID:8": "bq_standard:retrieval"
        }
      },
      "rewards:9": {}
    },
    "10:10": {
      "questID:3": 10,
      "preRequisites:11": [
        7
      ],
      "properties:10": {
        "betterquesting:10": {
          "issilent:1": 0,
          "snd_complete:8": "minecraft:entity.player.levelup",
          "lockedprogress:1": 0,
          "tasklogic:8": "AND",
          "repeattime:3": -1,
          "visibility:8": "NORMAL",
          "simultaneous:1": 0,
          "icon:10": {
            "id:8": "rustichromia:windmill",
            "Count:3": 1,
            "Damage:2": 0,
            "OreDict:8": ""
          },
          "globalshare:1": 0,
          "questlogic:8": "AND",
          "snd_update:8": "minecraft:entity.player.levelup",
          "autoclaim:1": 0,
          "repeat_relative:1": 1,
          "ismain:1": 0,
          "name:8": "Wind power",
          "desc:8": "No Description"
        }
      },
      "tasks:9": {},
      "rewards:9": {}
    },
    "11:10": {
      "questID:3": 11,
      "preRequisites:11": [
        7,
        14
      ],
      "properties:10": {
        "betterquesting:10": {
          "issilent:1": 0,
          "snd_complete:8": "minecraft:entity.player.levelup",
          "lockedprogress:1": 0,
          "tasklogic:8": "AND",
          "repeattime:3": -1,
          "visibility:8": "NORMAL",
          "simultaneous:1": 0,
          "icon:10": {
            "id:8": "rustichromia:quern",
            "Count:3": 1,
            "Damage:2": 0,
            "OreDict:8": ""
          },
          "globalshare:1": 0,
          "questlogic:8": "AND",
          "snd_update:8": "minecraft:entity.player.levelup",
          "autoclaim:1": 0,
          "repeat_relative:1": 1,
          "ismain:1": 0,
          "name:8": "Automated Quern",
          "desc:8": "No Description"
        }
      },
      "tasks:9": {},
      "rewards:9": {}
    },
    "12:10": {
      "questID:3": 12,
      "preRequisites:11": [
        7
      ],
      "properties:10": {
        "betterquesting:10": {
          "issilent:1": 0,
          "snd_complete:8": "minecraft:entity.player.levelup",
          "lockedprogress:1": 0,
          "tasklogic:8": "AND",
          "repeattime:3": -1,
          "visibility:8": "NORMAL",
          "simultaneous:1": 0,
          "icon:10": {
            "id:8": "rustichromia:ratiobox",
            "Count:3": 1,
            "Damage:2": 0,
            "OreDict:8": ""
          },
          "globalshare:1": 0,
          "questlogic:8": "AND",
          "snd_update:8": "minecraft:entity.player.levelup",
          "autoclaim:1": 0,
          "repeat_relative:1": 1,
          "ismain:1": 0,
          "name:8": "Turn and Split",
          "desc:8": "No Description"
        }
      },
      "tasks:9": {},
      "rewards:9": {}
    },
    "13:10": {
      "questID:3": 13,
      "preRequisites:11": [
        7
      ],
      "properties:10": {
        "betterquesting:10": {
          "issilent:1": 0,
          "snd_complete:8": "minecraft:entity.player.levelup",
          "lockedprogress:1": 0,
          "tasklogic:8": "AND",
          "repeattime:3": -1,
          "visibility:8": "NORMAL",
          "simultaneous:1": 0,
          "icon:10": {
            "id:8": "prodigytech:solid_fuel_aeroheater",
            "Count:3": 1,
            "Damage:2": 0,
            "OreDict:8": ""
          },
          "globalshare:1": 0,
          "questlogic:8": "AND",
          "snd_update:8": "minecraft:entity.player.levelup",
          "autoclaim:1": 0,
          "repeat_relative:1": 1,
          "ismain:1": 0,
          "name:8": "...And, Fireball",
          "desc:8": "No Description"
        }
      },
      "tasks:9": {
        "0:10": {
          "partialMatch:1": 1,
          "autoConsume:1": 0,
          "groupDetect:1": 0,
          "ignoreNBT:1": 0,
          "index:3": 0,
          "consume:1": 0,
          "requiredItems:9": {
            "0:10": {
              "id:8": "prodigytech:solid_fuel_aeroheater",
              "Count:3": 1,
              "Damage:2": 0,
              "OreDict:8": ""
            }
          },
          "taskID:8": "bq_standard:retrieval"
        }
      },
      "rewards:9": {
        "0:10": {
          "rewardID:8": "bq_standard:item",
          "index:3": 0,
          "rewards:9": {
            "0:10": {
              "id:8": "prodigymechanics:hot_air_engine",
              "Count:3": 1,
              "Damage:2": 0,
              "OreDict:8": ""
            }
          }
        }
      }
    },
    "14:10": {
      "questID:3": 14,
      "preRequisites:11": [
        6
      ],
      "properties:10": {
        "betterquesting:10": {
          "issilent:1": 0,
          "snd_complete:8": "minecraft:entity.player.levelup",
          "lockedprogress:1": 0,
          "tasklogic:8": "AND",
          "repeattime:3": -1,
          "visibility:8": "NORMAL",
          "simultaneous:1": 0,
          "icon:10": {
            "id:8": "tfc:handstone",
            "Count:3": 1,
            "Damage:2": 0,
            "OreDict:8": ""
          },
          "globalshare:1": 0,
          "questlogic:8": "AND",
          "snd_update:8": "minecraft:entity.player.levelup",
          "autoclaim:1": 0,
          "repeat_relative:1": 1,
          "ismain:1": 0,
          "name:8": "Grind",
          "desc:8": "No Description"
        }
      },
      "tasks:9": {
        "0:10": {
          "partialMatch:1": 1,
          "autoConsume:1": 0,
          "groupDetect:1": 0,
          "ignoreNBT:1": 0,
          "index:3": 0,
          "consume:1": 0,
          "requiredItems:9": {
            "0:10": {
              "id:8": "tfc:quern",
              "Count:3": 1,
              "Damage:2": 0,
              "OreDict:8": ""
            },
            "1:10": {
              "id:8": "tfc:handstone",
              "Count:3": 1,
              "Damage:2": 0,
              "OreDict:8": ""
            }
          },
          "taskID:8": "bq_standard:retrieval"
        }
      },
      "rewards:9": {
        "0:10": {
          "rewardID:8": "bq_standard:item",
          "index:3": 0,
          "rewards:9": {
            "0:10": {
              "id:8": "tfc:crop/product/jute_fiber",
              "Count:3": 10,
              "Damage:2": 0,
              "OreDict:8": ""
            }
          }
        }
      }
    },
    "15:10": {
      "questID:3": 15,
      "preRequisites:11": [
        13
      ],
      "properties:10": {
        "betterquesting:10": {
          "issilent:1": 0,
          "snd_complete:8": "minecraft:entity.player.levelup",
          "lockedprogress:1": 0,
          "tasklogic:8": "AND",
          "repeattime:3": -1,
          "visibility:8": "NORMAL",
          "simultaneous:1": 0,
          "icon:10": {
            "id:8": "prodigytech:tartaric_aeroheater",
            "Count:3": 1,
            "Damage:2": 0,
            "OreDict:8": ""
          },
          "globalshare:1": 0,
          "questlogic:8": "AND",
          "snd_update:8": "minecraft:entity.player.levelup",
          "autoclaim:1": 0,
          "repeat_relative:1": 1,
          "ismain:1": 0,
          "name:8": "Helion",
          "desc:8": "No Description"
        }
      },
      "tasks:9": {},
      "rewards:9": {}
    },
    "16:10": {
      "questID:3": 16,
      "preRequisites:11": [
        6
      ],
      "properties:10": {
        "betterquesting:10": {
          "issilent:1": 0,
          "snd_complete:8": "minecraft:entity.player.levelup",
          "lockedprogress:1": 0,
          "tasklogic:8": "AND",
          "repeattime:3": -1,
          "visibility:8": "NORMAL",
          "simultaneous:1": 0,
          "icon:10": {
            "id:8": "tfc:wood/loom/acacia",
            "Count:3": 1,
            "Damage:2": 0,
            "OreDict:8": ""
          },
          "globalshare:1": 0,
          "questlogic:8": "AND",
          "snd_update:8": "minecraft:entity.player.levelup",
          "autoclaim:1": 0,
          "repeat_relative:1": 1,
          "ismain:1": 0,
          "name:8": "Room(L)",
          "desc:8": "No Description"
        }
      },
      "tasks:9": {},
      "rewards:9": {}
    },
    "17:10": {
      "questID:3": 17,
      "preRequisites:11": [
        10
      ],
      "properties:10": {
        "betterquesting:10": {
          "issilent:1": 0,
          "snd_complete:8": "minecraft:entity.player.levelup",
          "lockedprogress:1": 0,
          "tasklogic:8": "AND",
          "repeattime:3": -1,
          "visibility:8": "NORMAL",
          "simultaneous:1": 0,
          "icon:10": {
            "id:8": "immersiveengineering:wooden_device1",
            "Count:3": 1,
            "Damage:2": 1,
            "OreDict:8": ""
          },
          "globalshare:1": 0,
          "questlogic:8": "AND",
          "snd_update:8": "minecraft:entity.player.levelup",
          "autoclaim:1": 0,
          "repeat_relative:1": 1,
          "ismain:1": 0,
          "name:8": "Windup wind",
          "desc:8": "No Description"
        }
      },
      "tasks:9": {},
      "rewards:9": {}
    },
    "18:10": {
      "questID:3": 18,
      "preRequisites:11": [
        22,
        24,
        31
      ],
      "properties:10": {
        "betterquesting:10": {
          "issilent:1": 0,
          "snd_complete:8": "minecraft:entity.player.levelup",
          "lockedprogress:1": 0,
          "tasklogic:8": "AND",
          "repeattime:3": -1,
          "visibility:8": "NORMAL",
          "simultaneous:1": 0,
          "icon:10": {
            "ForgeCaps:10": {
              "Parent:10": {
                "heat:5": 0.0,
                "ticks:4": -1,
                "work:3": 0,
                "steps:10": {
                  "last:3": -1,
                  "third:3": -1,
                  "second:3": -1
                }
              }
            },
            "id:8": "tfc:metal/pick/black_steel",
            "Count:3": 1,
            "Damage:2": 0,
            "OreDict:8": ""
          },
          "globalshare:1": 0,
          "questlogic:8": "AND",
          "snd_update:8": "minecraft:entity.player.levelup",
          "autoclaim:1": 0,
          "repeat_relative:1": 1,
          "ismain:1": 1,
          "name:8": "New Quest",
          "desc:8": "No Description"
        }
      },
      "tasks:9": {},
      "rewards:9": {}
    },
    "19:10": {
      "questID:3": 19,
      "preRequisites:11": [
        21
      ],
      "properties:10": {
        "betterquesting:10": {
          "issilent:1": 0,
          "snd_complete:8": "minecraft:entity.player.levelup",
          "lockedprogress:1": 0,
          "tasklogic:8": "AND",
          "repeattime:3": -1,
          "visibility:8": "NORMAL",
          "simultaneous:1": 0,
          "icon:10": {
            "id:8": "tfc:powder/sulfur",
            "Count:3": 1,
            "Damage:2": 0,
            "OreDict:8": ""
          },
          "globalshare:1": 0,
          "questlogic:8": "AND",
          "snd_update:8": "minecraft:entity.player.levelup",
          "autoclaim:1": 0,
          "repeat_relative:1": 1,
          "ismain:1": 0,
          "name:8": "Coal? Galic? Onion? Sulfur!",
          "desc:8": "No Description"
        }
      },
      "tasks:9": {},
      "rewards:9": {}
    },
    "20:10": {
      "questID:3": 20,
      "preRequisites:11": [
        21
      ],
      "properties:10": {
        "betterquesting:10": {
          "issilent:1": 0,
          "snd_complete:8": "minecraft:entity.player.levelup",
          "lockedprogress:1": 0,
          "tasklogic:8": "AND",
          "repeattime:3": -1,
          "visibility:8": "NORMAL",
          "simultaneous:1": 0,
          "icon:10": {
            "id:8": "tfc:powder/saltpeter",
            "Count:3": 1,
            "Damage:2": 0,
            "OreDict:8": ""
          },
          "globalshare:1": 0,
          "questlogic:8": "AND",
          "snd_update:8": "minecraft:entity.player.levelup",
          "autoclaim:1": 0,
          "repeat_relative:1": 1,
          "ismain:1": 0,
          "name:8": "Too many dirts",
          "desc:8": "No Description"
        }
      },
      "tasks:9": {},
      "rewards:9": {}
    },
    "21:10": {
      "questID:3": 21,
      "preRequisites:11": [
        23,
        14
      ],
      "properties:10": {
        "betterquesting:10": {
          "issilent:1": 0,
          "snd_complete:8": "minecraft:entity.player.levelup",
          "lockedprogress:1": 0,
          "tasklogic:8": "AND",
          "repeattime:3": -1,
          "visibility:8": "NORMAL",
          "simultaneous:1": 0,
          "icon:10": {
            "id:8": "gravelores:coal_gravel_ore",
            "Count:3": 1,
            "Damage:2": 0,
            "OreDict:8": ""
          },
          "globalshare:1": 0,
          "questlogic:8": "AND",
          "snd_update:8": "minecraft:entity.player.levelup",
          "autoclaim:1": 0,
          "repeat_relative:1": 1,
          "ismain:1": 0,
          "name:8": "Gravel Coal",
          "desc:8": "No Description"
        }
      },
      "tasks:9": {},
      "rewards:9": {}
    },
    "22:10": {
      "questID:3": 22,
      "preRequisites:11": [
        19,
        20
      ],
      "properties:10": {
        "betterquesting:10": {
          "issilent:1": 0,
          "snd_complete:8": "minecraft:entity.player.levelup",
          "lockedprogress:1": 0,
          "tasklogic:8": "AND",
          "repeattime:3": -1,
          "visibility:8": "NORMAL",
          "simultaneous:1": 0,
          "icon:10": {
            "id:8": "minecraft:tnt",
            "Count:3": 1,
            "Damage:2": 0,
            "OreDict:8": ""
          },
          "globalshare:1": 0,
          "questlogic:8": "AND",
          "snd_update:8": "minecraft:entity.player.levelup",
          "autoclaim:1": 0,
          "repeat_relative:1": 1,
          "ismain:1": 0,
          "name:8": "Explosion",
          "desc:8": "No Description"
        }
      },
      "tasks:9": {},
      "rewards:9": {}
    },
    "23:10": {
      "questID:3": 23,
      "preRequisites:11": [
        6
      ],
      "properties:10": {
        "betterquesting:10": {
          "issilent:1": 0,
          "snd_complete:8": "minecraft:entity.player.levelup",
          "lockedprogress:1": 0,
          "tasklogic:8": "AND",
          "repeattime:3": -1,
          "visibility:8": "NORMAL",
          "simultaneous:1": 0,
          "icon:10": {
            "id:8": "tfc:wood/barrel/acacia",
            "Count:3": 1,
            "Damage:2": 0,
            "OreDict:8": ""
          },
          "globalshare:1": 0,
          "questlogic:8": "AND",
          "snd_update:8": "minecraft:entity.player.levelup",
          "autoclaim:1": 0,
          "repeat_relative:1": 1,
          "ismain:1": 0,
          "name:8": "Double Barrel",
          "desc:8": "No Description"
        }
      },
      "tasks:9": {},
      "rewards:9": {}
    },
    "24:10": {
      "questID:3": 24,
      "preRequisites:11": [
        2
      ],
      "properties:10": {
        "betterquesting:10": {
          "issilent:1": 0,
          "snd_complete:8": "minecraft:entity.player.levelup",
          "lockedprogress:1": 0,
          "tasklogic:8": "AND",
          "repeattime:3": -1,
          "visibility:8": "NORMAL",
          "simultaneous:1": 0,
          "icon:10": {
            "ForgeCaps:10": {
              "Parent:10": {
                "heat:5": 0.0,
                "ticks:4": -1,
                "work:3": 0,
                "steps:10": {
                  "last:3": -1,
                  "third:3": -1,
                  "second:3": -1
                }
              }
            },
            "id:8": "tfc:metal/propick/copper",
            "Count:3": 1,
            "Damage:2": 0,
            "OreDict:8": ""
          },
          "globalshare:1": 0,
          "questlogic:8": "AND",
          "snd_update:8": "minecraft:entity.player.levelup",
          "autoclaim:1": 0,
          "repeat_relative:1": 1,
          "ismain:1": 0,
          "name:8": "Prospecter",
          "desc:8": "No Description"
        }
      },
      "tasks:9": {},
      "rewards:9": {}
    },
    "25:10": {
      "questID:3": 25,
      "preRequisites:11": [
        4
      ],
      "properties:10": {
        "betterquesting:10": {
          "issilent:1": 0,
          "snd_complete:8": "minecraft:entity.player.levelup",
          "lockedprogress:1": 0,
          "tasklogic:8": "AND",
          "repeattime:3": -1,
          "visibility:8": "NORMAL",
          "simultaneous:1": 0,
          "icon:10": {
            "id:8": "minecraft:coal",
            "Count:3": 1,
            "Damage:2": 1,
            "OreDict:8": ""
          },
          "globalshare:1": 0,
          "questlogic:8": "AND",
          "snd_update:8": "minecraft:entity.player.levelup",
          "autoclaim:1": 0,
          "repeat_relative:1": 1,
          "ismain:1": 0,
          "name:8": "New Quest",
          "desc:8": "No Description"
        }
      },
      "tasks:9": {},
      "rewards:9": {}
    },
    "26:10": {
      "questID:3": 26,
      "preRequisites:11": [],
      "properties:10": {
        "betterquesting:10": {
          "issilent:1": 0,
          "snd_complete:8": "minecraft:entity.player.levelup",
          "lockedprogress:1": 0,
          "tasklogic:8": "AND",
          "repeattime:3": -1,
          "visibility:8": "NORMAL",
          "simultaneous:1": 0,
          "icon:10": {
            "id:8": "minecraft:nether_star",
            "Count:3": 1,
            "Damage:2": 0,
            "OreDict:8": ""
          },
          "globalshare:1": 0,
          "questlogic:8": "AND",
          "snd_update:8": "minecraft:entity.player.levelup",
          "autoclaim:1": 0,
          "repeat_relative:1": 1,
          "ismain:1": 0,
          "name:8": "New Quest",
          "desc:8": "No Description"
        }
      },
      "tasks:9": {},
      "rewards:9": {}
    },
    "27:10": {
      "questID:3": 27,
      "preRequisites:11": [
        25
      ],
      "properties:10": {
        "betterquesting:10": {
          "issilent:1": 0,
          "snd_complete:8": "minecraft:entity.player.levelup",
          "lockedprogress:1": 0,
          "tasklogic:8": "AND",
          "repeattime:3": -1,
          "visibility:8": "NORMAL",
          "simultaneous:1": 0,
          "icon:10": {
            "id:8": "tfc:charcoal_forge",
            "Count:3": 1,
            "Damage:2": 0,
            "OreDict:8": ""
          },
          "globalshare:1": 0,
          "questlogic:8": "AND",
          "snd_update:8": "minecraft:entity.player.levelup",
          "autoclaim:1": 0,
          "repeat_relative:1": 1,
          "ismain:1": 0,
          "name:8": "New Quest",
          "desc:8": "No Description"
        }
      },
      "tasks:9": {},
      "rewards:9": {}
    },
    "28:10": {
      "questID:3": 28,
      "preRequisites:11": [
        8
      ],
      "properties:10": {
        "betterquesting:10": {
          "issilent:1": 0,
          "snd_complete:8": "minecraft:entity.player.levelup",
          "lockedprogress:1": 0,
          "tasklogic:8": "AND",
          "repeattime:3": -1,
          "visibility:8": "NORMAL",
          "simultaneous:1": 0,
          "icon:10": {
            "id:8": "tfc:crop/product/burlap_cloth",
            "Count:3": 1,
            "Damage:2": 0,
            "OreDict:8": ""
          },
          "globalshare:1": 0,
          "questlogic:8": "AND",
          "snd_update:8": "minecraft:entity.player.levelup",
          "autoclaim:1": 0,
          "repeat_relative:1": 1,
          "ismain:1": 0,
          "name:8": "cloth",
          "desc:8": "No Description"
        }
      },
      "tasks:9": {},
      "rewards:9": {}
    },
    "29:10": {
      "questID:3": 29,
      "preRequisites:11": [
        28,
        18
      ],
      "properties:10": {
        "betterquesting:10": {
          "issilent:1": 0,
          "snd_complete:8": "minecraft:entity.player.levelup",
          "lockedprogress:1": 0,
          "tasklogic:8": "AND",
          "repeattime:3": -1,
          "visibility:8": "NORMAL",
          "simultaneous:1": 0,
          "icon:10": {
            "ForgeCaps:10": {
              "Parent:10": {
                "heat:5": 0.0,
                "ticks:4": -1
              }
            },
            "id:8": "tfc:ore/small/native_gold",
            "Count:3": 1,
            "Damage:2": 0,
            "OreDict:8": ""
          },
          "globalshare:1": 0,
          "questlogic:8": "AND",
          "snd_update:8": "minecraft:entity.player.levelup",
          "autoclaim:1": 0,
          "repeat_relative:1": 1,
          "ismain:1": 0,
          "name:8": "Processing",
          "desc:8": "No Description"
        }
      },
      "tasks:9": {},
      "rewards:9": {}
    },
    "30:10": {
      "questID:3": 30,
      "preRequisites:11": [
        7
      ],
      "properties:10": {
        "betterquesting:10": {
          "issilent:1": 0,
          "snd_complete:8": "minecraft:entity.player.levelup",
          "lockedprogress:1": 0,
          "tasklogic:8": "AND",
          "repeattime:3": -1,
          "visibility:8": "NORMAL",
          "simultaneous:1": 0,
          "icon:10": {
            "id:8": "mystgears:redstone_dynamo",
            "Count:3": 1,
            "Damage:2": 0,
            "OreDict:8": ""
          },
          "globalshare:1": 0,
          "questlogic:8": "AND",
          "snd_update:8": "minecraft:entity.player.levelup",
          "autoclaim:1": 0,
          "repeat_relative:1": 1,
          "ismain:1": 0,
          "name:8": "Electric",
          "desc:8": "No Description"
        }
      },
      "tasks:9": {},
      "rewards:9": {}
    },
    "31:10": {
      "questID:3": 31,
      "preRequisites:11": [
        6
      ],
      "properties:10": {
        "betterquesting:10": {
          "issilent:1": 0,
          "snd_complete:8": "minecraft:entity.player.levelup",
          "lockedprogress:1": 0,
          "tasklogic:8": "AND",
          "repeattime:3": -1,
          "visibility:8": "NORMAL",
          "simultaneous:1": 0,
          "icon:10": {
            "id:8": "tfc:wood/support/acacia",
            "Count:3": 1,
            "Damage:2": 0,
            "OreDict:8": "support"
          },
          "globalshare:1": 0,
          "questlogic:8": "AND",
          "snd_update:8": "minecraft:entity.player.levelup",
          "autoclaim:1": 0,
          "repeat_relative:1": 1,
          "ismain:1": 0,
          "name:8": "New Quest",
          "desc:8": "No Description"
        }
      },
      "tasks:9": {},
      "rewards:9": {}
    }
  },
  "questLines:9": {
    "0:10": {
      "quests:9": {
        "0:10": {
          "sizeX:3": 24,
          "x:3": -12,
          "y:3": -192,
          "id:3": 0,
          "sizeY:3": 24
        },
        "1:10": {
          "sizeX:3": 24,
          "x:3": -12,
          "y:3": -144,
          "id:3": 1,
          "sizeY:3": 24
        },
        "2:10": {
          "sizeX:3": 24,
          "x:3": -12,
          "y:3": -84,
          "id:3": 2,
          "sizeY:3": 24
        },
        "3:10": {
          "sizeX:3": 24,
          "x:3": -96,
          "y:3": -192,
          "id:3": 3,
          "sizeY:3": 24
        },
        "4:10": {
          "sizeX:3": 24,
          "x:3": 72,
          "y:3": -192,
          "id:3": 4,
          "sizeY:3": 24
        },
        "5:10": {
          "sizeX:3": 24,
          "x:3": 108,
          "y:3": -24,
          "id:3": 5,
          "sizeY:3": 24
        },
        "6:10": {
          "sizeX:3": 24,
          "x:3": -96,
          "y:3": -84,
          "id:3": 6,
          "sizeY:3": 24
        },
        "7:10": {
          "sizeX:3": 24,
          "x:3": -228,
          "y:3": -84,
          "id:3": 7,
          "sizeY:3": 24
        },
        "8:10": {
          "sizeX:3": 24,
          "x:3": 108,
          "y:3": 24,
          "id:3": 8,
          "sizeY:3": 24
        },
        "9:10": {
          "sizeX:3": 24,
          "x:3": -192,
          "y:3": -48,
          "id:3": 9,
          "sizeY:3": 24
        },
        "10:10": {
          "sizeX:3": 24,
          "x:3": -276,
          "y:3": -60,
          "id:3": 10,
          "sizeY:3": 24
        },
        "11:10": {
          "sizeX:3": 24,
          "x:3": -192,
          "y:3": -24,
          "id:3": 11,
          "sizeY:3": 24
        },
        "12:10": {
          "sizeX:3": 24,
          "x:3": -288,
          "y:3": -132,
          "id:3": 12,
          "sizeY:3": 24
        },
        "13:10": {
          "sizeX:3": 24,
          "x:3": -276,
          "y:3": -84,
          "id:3": 13,
          "sizeY:3": 24
        },
        "14:10": {
          "sizeX:3": 24,
          "x:3": -144,
          "y:3": -24,
          "id:3": 14,
          "sizeY:3": 24
        },
        "15:10": {
          "sizeX:3": 24,
          "x:3": -336,
          "y:3": -84,
          "id:3": 15,
          "sizeY:3": 24
        },
        "16:10": {
          "sizeX:3": 24,
          "x:3": -144,
          "y:3": -48,
          "id:3": 16,
          "sizeY:3": 24
        },
        "17:10": {
          "sizeX:3": 24,
          "x:3": -336,
          "y:3": -60,
          "id:3": 17,
          "sizeY:3": 24
        },
        "18:10": {
          "sizeX:3": 48,
          "x:3": -24,
          "y:3": 144,
          "id:3": 18,
          "sizeY:3": 48
        },
        "19:10": {
          "sizeX:3": 24,
          "x:3": -108,
          "y:3": 72,
          "id:3": 19,
          "sizeY:3": 24
        },
        "20:10": {
          "sizeX:3": 24,
          "x:3": -84,
          "y:3": 72,
          "id:3": 20,
          "sizeY:3": 24
        },
        "21:10": {
          "sizeX:3": 24,
          "x:3": -96,
          "y:3": 36,
          "id:3": 21,
          "sizeY:3": 24
        },
        "22:10": {
          "sizeX:3": 24,
          "x:3": -96,
          "y:3": 108,
          "id:3": 22,
          "sizeY:3": 24
        },
        "23:10": {
          "sizeX:3": 24,
          "x:3": -96,
          "y:3": -24,
          "id:3": 23,
          "sizeY:3": 24
        },
        "24:10": {
          "sizeX:3": 24,
          "x:3": -12,
          "y:3": 48,
          "id:3": 24,
          "sizeY:3": 24
        },
        "25:10": {
          "sizeX:3": 24,
          "x:3": 108,
          "y:3": -84,
          "id:3": 25,
          "sizeY:3": 24
        },
        "26:10": {
          "sizeX:3": 24,
          "x:3": 252,
          "y:3": -84,
          "id:3": 26,
          "sizeY:3": 24
        },
        "27:10": {
          "sizeX:3": 24,
          "x:3": 180,
          "y:3": -84,
          "id:3": 27,
          "sizeY:3": 24
        },
        "28:10": {
          "sizeX:3": 24,
          "x:3": 108,
          "y:3": 72,
          "id:3": 28,
          "sizeY:3": 24
        },
        "29:10": {
          "sizeX:3": 24,
          "x:3": 72,
          "y:3": 216,
          "id:3": 29,
          "sizeY:3": 24
        },
        "30:10": {
          "sizeX:3": 24,
          "x:3": -228,
          "y:3": 204,
          "id:3": 30,
          "sizeY:3": 24
        },
        "31:10": {
          "sizeX:3": 24,
          "x:3": -48,
          "y:3": 48,
          "id:3": 31,
          "sizeY:3": 24
        }
      },
      "lineID:3": 0,
      "properties:10": {
        "betterquesting:10": {
          "visibility:8": "NORMAL",
          "name:8": "TFC",
          "icon:10": {
            "id:8": "rustichromia:gear_wood",
            "Count:3": 1,
            "Damage:2": 0,
            "OreDict:8": ""
          },
          "bg_image:8": "",
          "bg_size:3": 256,
          "desc:8": "No Description"
        }
      },
      "order:3": 0
    }
  },
  "questSettings:10": {
    "betterquesting:10": {
      "livesdef:3": 3,
      "pack_name:8": "",
      "home_anchor_y:5": 0.0,
      "livesmax:3": 10,
      "home_anchor_x:5": 0.5,
      "editmode:1": 1,
      "hardcore:1": 0,
      "home_image:8": "betterquesting:textures/gui/default_title.png",
      "party_enable:1": 1,
      "pack_version:3": 0,
      "home_offset_x:3": -128,
      "home_offset_y:3": 0
    }
  }
}