{"stat.chestOpened":7,"stat.walkOneCm":45209,"stat.pickup.minecraft.stick":130,"stat.leaveGame":3,"stat.pickup.rustichromia.dust_wood":130,"stat.pickup.rustichromia.cotton":9,"stat.flyOneCm":6360,"stat.drop":2,"stat.jump":150,"stat.playOneMinute":31832,"stat.sneakTime":4075,"stat.pickup.rustichromia.cotton_wool":192,"stat.pickup.rustichromia.cotton_seed":192,"stat.crouchOneCm":6277,"stat.useItem.rustichromia.cotton_seed":1,"stat.timeSinceDeath":31832,"stat.sprintOneCm":2622,"stat.useItem.minecraft.stone_slab2":161,"stat.drop.rustichromia.cotton":2}