{"stat.walkOneCm":16452,"stat.drop.minecraft.wheat":4,"stat.drop.minecraft.hopper":1,"stat.mineBlock.minecraft.hopper":1,"stat.damageTaken":134,"stat.pickup.rustichromia.wheat_chaff":120,"stat.useItem.immersiveengineering.treated_wood":12,"stat.mineBlock.rustichromia.hay_compactor":1,"stat.useItem.rustichromia.thatch_block":2,"stat.flyOneCm":60400,"stat.drop":6,"stat.jump":96,"stat.swimOneCm":999,"stat.playOneMinute":12801,"stat.useItem.minecraft.planks":2,"stat.fallOneCm":404,"stat.useItem.rustichromia.hay_compactor":1,"stat.pickup.rustichromia.thatch_block":6,"stat.pickup.rustichromia.hay_compactor":1,"stat.sneakTime":669,"stat.pickup.minecraft.hopper":2,"stat.crouchOneCm":801,"stat.drop.rustichromia.wheat_chaff":64,"stat.timeSinceDeath":12801,"stat.hopperInspected":11,"stat.sprintOneCm":5154,"stat.useItem.minecraft.iron_pickaxe":2,"stat.useItem.minecraft.stone_slab2":21,"stat.useItem.minecraft.fence":3,"stat.useItem.minecraft.water_bucket":5,"stat.pickup.minecraft.wheat":4}