{
  "enderio:root": {
    "criteria": {
      "location": "2020-02-24 20:25:48 +0900"
    },
    "done": true
  },
  "minecraft:recipes/decorations/ladder": {
    "criteria": {
      "has_stick": "2020-02-24 21:29:50 +0900"
    },
    "done": true
  },
  "enderioconduits:goals/all_conduits": {
    "criteria": {
      "inv_changed-enderio:liquid_conduit2": "2020-02-25 19:33:45 +0900"
    },
    "done": false
  },
  "enderioconduits:fluid/1_fluid_conduit": {
    "criteria": {
      "inv_changed-enderio:liquid_conduit": "2020-02-25 19:33:45 +0900"
    },
    "done": true
  },
  "minecraft:adventure/adventuring_time": {
    "criteria": {
      "plains": "2020-02-24 20:25:48 +0900"
    },
    "done": false
  }
}