{"stat.useItem.ic2.cable":38,"stat.pickup.minecraft.redstone_torch":1,"stat.leaveGame":4,"stat.pickup.tfc.rock/dolomite":62,"stat.pickup.minecraft.flint":3,"stat.pickup.tfc.ore/bituminous_coal":52,"stat.useItem.ic2.dynamite":19,"stat.pickup.ic2.te":3,"stat.jump":375,"stat.fallOneCm":1465,"stat.crouchOneCm":620,"stat.useItem.tfc.raw/dolomite":1,"stat.useItem.minecraft.stone_slab2":101,"stat.pickup.tfc.gravel/chalk":137,"stat.pickup.tfc.ore/small/limonite":1,"stat.drop.tfc.gravel/chalk":5,"stat.mineBlock.tfc.raw/chalk":1,"stat.pickup.tfc.dirt/chalk":98,"stat.flyOneCm":413589,"stat.useItem.tfc.gravel/chalk":2,"stat.damageDealt":10,"stat.timeSinceDeath":161849,"stat.walkOneCm":69327,"stat.pickup.tfc.dirt/dolomite":16,"stat.trappedChestTriggered":9,"stat.mineBlock.tfc.grass/chalk":2,"stat.pickup.minecraft.stick":3,"stat.pickup.tfc.wood/log/maple":1,"stat.useItem.scannable.module_block":2,"stat.useItem.ic2.te":6,"stat.useItem.ic2.remote":33,"stat.pickup.minecraft.tnt":1,"stat.mineBlock.tfc.cobble/chalk":1,"stat.useItem.tfc.metal/propick/black_steel":8,"stat.useItem.ic2.bronze_pickaxe":9,"stat.sprintOneCm":24172,"stat.mineBlock.minecraft.tnt":1,"stat.pickup.tfc.rock/chalk":223,"stat.useItem.minecraft.flint_and_steel":5,"stat.pickup.ic2.cable":1,"stat.mineBlock.tfc.dirt/chalk":1,"stat.mobKills":2,"stat.pickup.tfc.ore/native_copper/diorite":1,"stat.killEntity.wolftfc":1,"stat.drop":5,"stat.mineBlock.tfc.ore/sphalerite/slate":3,"stat.playOneMinute":161849,"stat.useItem.immersiveengineering.wooden_device0":1,"stat.sneakTime":1515,"stat.pickup.tfc.raw/dolomite":2,"stat.killEntity.chickentfc":1,"stat.pickup.ic2.iridium_drill":1}