{"stat.drop.minecraft.sugar":4,"stat.pickup.minecraft.bone":1,"stat.drop.mystgears.windup_box":1,"stat.useItem.mysticalmechanics.gearbox_frame":1,"stat.drop.minecraft.lapis_ore":1,"stat.pickup.minecraft.redstone_torch":1,"stat.pickup.rustichromia.axle_wood":20,"stat.leaveGame":10,"stat.mineBlock.tfc.plants/timothy_grass":1,"stat.pickup.minecraft.flint":3,"stat.pickup.rustichromia.cotton":78,"stat.useItem.prodigytech.incinerator":4,"stat.swimOneCm":6740,"stat.mineBlock.tfc.gravel/chalk":64,"stat.pickup.mysticalmechanics.gear_gold_on":5,"stat.pickup.rustichromia.cotton_seed":329,"stat.useItem.tfc.food/potato":5,"stat.useItem.tfc.raw/dolomite":1,"stat.useItem.minecraft.stone_slab2":734,"stat.useItem.minecraft.water_bucket":9,"stat.useItem.mysticalmechanics.axle_iron":49,"stat.pickup.tfc.gravel/chalk":150,"stat.pickup.tfc.ore/small/limonite":1,"stat.pickup.prodigytech.fuel_pellet_1":32,"stat.useItem.mystgears.mechanical_dial":2,"stat.flyOneCm":1493647,"stat.pickup.appliedenergistics2.material":3,"stat.pickup.scannable.scanner":1,"stat.pickup.rustichromia.disk_stone":3,"stat.drop.minecraft.wheat_seeds":3,"stat.pickup.tfc.rock/slate":10,"stat.pickup.rustichromia.cotton_wool":330,"stat.pickup.tfc.ore/sphalerite":2,"stat.mineBlock.tfc.ore/bismuthinite/chalk":2,"stat.timeSinceDeath":9918,"stat.hopperInspected":34,"stat.useItem.mech_crafting.sturdy_gearbox":4,"stat.useItem.prodigytech.fuel_processor":1,"stat.trappedChestTriggered":9,"stat.mineBlock.tfc.grass/chalk":25,"stat.useItem.prodigytech.capacitor_aeroheater":1,"stat.pickup.tfc.cobble/chalk":10,"stat.pickup.tfc.wood/log/maple":1,"stat.pickup.prodigytech.tartaric_aeroheater":1,"stat.drop.mysticalmechanics.gear_iron":1,"stat.useItem.scannable.module_block":2,"stat.useItem.immersiveengineering.drill":205,"stat.mineBlock.tfc.cobble/chalk":1,"stat.drop.mysticalmechanics.gearbox_frame":1,"stat.useItem.tfc.metal/propick/black_steel":181,"stat.pickup.enderio.block_cap_bank":1,"stat.sprintOneCm":225729,"stat.pickup.prodigytech.ash":6,"stat.pickup.mysticalmechanics.gear_fan":7,"stat.pickup.rustichromia.cotton_candy":1,"stat.drop.rustichromia.cotton_wool":69,"stat.useItem.minecraft.flint_and_steel":43,"stat.useItem.tfc.metal/propick/black_bronze":31,"stat.mineBlock.tfc.dirt/chalk":91,"stat.pickup.tfc.ore/native_copper/diorite":1,"stat.useItem.prodigytech.energion_aeroheater":1,"stat.drop.prodigytech.tartaric_aeroheater":1,"stat.pickup.tfc.sand/chalk":7,"stat.useItem.prodigytech.solid_fuel_aeroheater":2,"stat.pickup.minecraft.sugar":4,"stat.pickup.rustichromia.disk_sandstone":1,"stat.pickup.minecraft.lever":2,"stat.deaths":1,"stat.drop":41,"stat.pickup.tfc.raw/slate":1,"stat.playOneMinute":528065,"stat.useItem.immersiveengineering.wooden_device0":2,"stat.useItem.immersiveengineering.wooden_device1":33,"stat.diveOneCm":3800,"stat.chestOpened":5,"stat.useItem.prodigytech.solderer":1,"stat.pickup.prodigytech.dispersing_extractor":32,"stat.pickup.tfc.raw/chalk":5,"stat.pickup.tfc.metal/propick/black_bronze":1,"stat.mineBlock.tfc.clay_grass/chalk":9,"stat.pickup.mysticalmechanics.gear_gold":20,"stat.pickup.tfc.rock/dolomite":62,"stat.pickup.tfc.ore/bituminous_coal":61,"stat.pickup.minecraft.lapis_ore":2,"stat.useItem.appliedenergistics2.tiny_tnt":1,"stat.useItem.minecraft.potion":2,"stat.pickup.tfc.ore/small/bismuthinite":2,"stat.useItem.tfc.metal/hoe/black_steel":2,"stat.drop.rustichromia.gin":1,"stat.useItem.rustichromia.axle_wood":4,"stat.jump":2696,"stat.pickup.minecraft.coal":48,"stat.fallOneCm":10956,"stat.pickup.minecraft.iron_ingot":64,"stat.pickup.minecraft.gunpowder":64,"stat.pickup.tfc.food/venison":1,"stat.crouchOneCm":3433,"stat.drop.rustichromia.cotton":16,"stat.craftingTableInteraction":1,"stat.useItem.prodigytech.blower_furnace":1,"stat.pickup.tfc.straw":4,"stat.pickup.prodigytech.purified_food":2,"stat.drop.tfc.gravel/chalk":5,"stat.damageTaken":660,"stat.useItem.prodigytech.ferramic_handbow":5,"stat.mineBlock.tfc.raw/chalk":15,"stat.useItem.prodigytech.dispersing_extractor":2,"stat.pickup.tfc.dirt/chalk":165,"stat.pickup.minecraft.planks":161,"stat.useItem.tfc.gravel/chalk":2,"stat.pickup.minecraft.wheat_seeds":32,"stat.useItem.prodigytech.magmatic_aeroheater":3,"stat.pickup.tfc.ore/small/sphalerite":1,"stat.useItem.prodigytech.rotary_grinder":1,"stat.pickup.prodigytech.energion_dust":43,"stat.useItem.immersiveengineering.metal_device0":5,"stat.damageDealt":30,"stat.drop.minecraft.stick":1,"stat.walkOneCm":409978,"stat.useItem.minecraft.torch":53,"stat.pickup.tfc.dirt/dolomite":16,"stat.pickup.minecraft.stick":8,"stat.mineBlock.rustichromia.gin":1,"stat.pickup.minecraft.clay_ball":84,"stat.useItem.minecraft.tnt":39,"stat.useItem.minecraft.lava_bucket":2,"stat.pickup.mysticalmechanics.gear_iron":23,"stat.useItem.prodigytech.food_enricher":2,"stat.pickup.rustichromia.gin":2,"stat.pickup.tfc.plants/porcini":10,"stat.pickup.minecraft.tnt":2,"stat.mineBlock.tfc.plants/scutch_grass":1,"stat.drop.minecraft.planks":64,"stat.pickup.mystgears.gear_stone":2,"stat.pickup.mystgears.redstone_dynamo":2,"stat.useItem.prodigytech.primordialis_reactor":2,"stat.pickup.minecraft.air":0,"stat.drop.rustichromia.cotton_candy":1,"stat.mineBlock.minecraft.tnt":1,"stat.pickup.tfc.rock/chalk":488,"stat.useItem.tfc.metal/pick/black_steel":1,"stat.mobKills":2,"stat.pickup.rustichromia.dust_flour":64,"stat.pickup.tfc.food/green_bean":2,"stat.killEntity.wolftfc":1,"stat.mineBlock.tfc.ore/sphalerite/slate":3,"stat.useItem.prodigytech.magnetic_reassembler":1,"stat.pickup.minecraft.torch":36,"stat.useItem.prodigytech.wormhole_linker":14,"stat.sneakTime":6620,"stat.pickup.tfc.metal/pick/black_steel":1,"stat.useItem.mysticalmechanics.mergebox_frame":2,"stat.pickup.tfc.raw/dolomite":2,"stat.pickup.rustichromia.disk_red_sandstone":1,"stat.killEntity.chickentfc":1}