{"stat.mineBlock.tfc.clay_grass/andesite":15,"stat.useItem.mysticalmechanics.gearbox_frame":2,"stat.leaveGame":46,"stat.pickup.mekanism.machineblock3":4,"stat.mineBlock.tfc.plants/nasturtium":1,"stat.drop.rustichromia.dust_wood":64,"stat.useItem.immersiveengineering.stone_device":11,"stat.pickup.tfc.firestarter":1,"stat.drop.minecraft.feather":1,"stat.drop.immersiverailroading.item_rolling_stock":9,"stat.pickup.tfc.ceramics/fired/vessel":1,"stat.useItem.tfc.wall/smooth/shale":6,"stat.mineBlock.tfc.gravel/andesite":15,"stat.useItem.tfc.metal/pick/copper":22,"stat.pickup.minecraft.bucket":5,"stat.pickup.tfc.plants/nasturtium":1,"stat.useItem.tfc.blast_furnace":13,"stat.useItem.mekanism.configurator":13,"stat.pickup.tfc.hide/raw/large":11,"stat.pickup.tfc.food/pheasant":6,"stat.pickup.tfctech.metal/bismuth_bronze_wire":1,"stat.pickup.tfc.rock/phyllite":319,"stat.drop.modularmachinery.blockcontroller":2,"stat.drop.tfc.plants/nasturtium":1,"stat.pickup.mystgears.gear_black_hole":3,"stat.useItem.tfc.gravel/andesite":2,"stat.useItem.tfc.wood/log/oak":1,"stat.mineBlock.tfc.ore/native_copper/andesite":1,"stat.useItem.tfc.metal/sheet/wrought_iron":166,"stat.mineBlock.minecraft.hopper":1,"stat.pickup.rustic.wildberries":1,"stat.useItem.immersiveengineering.sheetmetal_slab":120,"stat.furnaceInteraction":1,"stat.drop.minecraft.gravel":1,"stat.pickup.immersiveengineering.metal_multiblock":22,"stat.drop.tfctech.fridge":1,"stat.pickup.tfc.wood/chest_trap/rosewood":1,"stat.drop.tfc.firestarter":1,"stat.mineBlock.tfc.plants/ryegrass":5,"stat.useItem.rustic.wildberries":2,"stat.useItem.immersiverailroading.item_rail":93,"stat.useItem.minecraft.flint_and_steel":166,"stat.pickup.immersiveengineering.sheetmetal":2,"stat.useItem.immersiveengineering.metal_multiblock":17,"stat.pickup.tfc.raw/phyllite":4,"stat.pickup.minecraft.lever":12,"stat.deaths":4,"stat.pickup.minecraft.glass_pane":1,"stat.pickup.immersiveengineering.sheetmetal_slab":2,"stat.useItem.rustic.horsetail":2,"stat.pickup.mekanism.energycube":3,"stat.drop.minecraft.torch":2,"stat.drop.minecraft.glass_bottle":1,"stat.pickup.modularmachinery.blockcasing":1,"stat.useItem.minecraft.splash_potion":23,"stat.drop.immersiveengineering.metal_decoration0":2,"stat.mineBlock.rustichromia.crank":1,"stat.pickup.mekanism.transmitter":1,"stat.pickup.immersiveengineering.material":23,"stat.pickup.minecraft.arrow":1,"stat.mineBlock.chisel.dirt":5,"stat.mineBlock.mysticalmechanics.gearbox_frame":1,"stat.pickup.tfctech.metal/steel_gear":1,"stat.drop.tfc.rock/andesite":2,"stat.mineBlock.prodigymechanics.hot_air_engine":1,"stat.drop.immersiverailroading.item_hook":1,"stat.crouchOneCm":79645,"stat.craftingTableInteraction":8,"stat.pickup.tfc.gem/sapphire":1,"stat.drop.mekanism.machineblock2":1,"stat.pickup.immersiveengineering.stone_decoration":789,"stat.pickup.minecraft.planks":30,"stat.useItem.tfc.food/pheasant":1,"stat.pickup.tfc.wood/log/hevea":61,"stat.craftItem.tfc.firestarter":3,"stat.pickup.immersiverailroading.item_rolling_stock":106,"stat.useItem.tfc.food/cooked_rabbit":1,"stat.drop.minecraft.fire_charge":1,"stat.drop.rustic.horsetail":1,"stat.minecartOneCm":350,"stat.drop.tfctech.wire_draw_bench":1,"stat.pickup.chisel.glasspane":1,"stat.drop.minecraft.glass_pane":1,"stat.useItem.tfc.wood/log/acacia":5,"stat.pickup.tfc.blast_furnace":13,"stat.pickup.minecraft.hopper":2,"stat.pickup.nuclearcraft.fluid_steam":1,"stat.pickup.minerstoolbox.improved_dynamite":2,"stat.useItem.modularmachinery.blockinputbus":3,"stat.pickup.waterflasks.bladder":44,"stat.mineBlock.tfc.plants/moss":4,"stat.useItem.tfc.goldpan":339,"stat.useItem.tfc.food/fish":1,"stat.useItem.tfc.stone/shovel/sedimentary":51,"stat.drop.immersiverailroading.item_augment":2,"stat.killEntity.wolftfc":1,"stat.useItem.tfc.food/cooked_beef":5,"stat.pickup.modulardiversity.blockhotairoutputhatch":3,"stat.useItem.prodigytech.wormhole_linker":16,"stat.pickup.minecraft.red_nether_brick":3,"stat.pickup.immersiveengineering.connector":1,"stat.pickup.funkylocomotion.pusher":1,"stat.mineBlock.tfc.charcoal_forge":1,"stat.pickup.tfc.food/mutton":11,"stat.useItem.engineerstools.ariadne_coal":7,"stat.pickup.modularmachinery.blockoutputbus":1,"stat.pickup.minecraft.flint":41,"stat.mineBlock.gravelores.coal_gravel_ore":13,"stat.useItem.tfc.stone/axe/igneous_extrusive":41,"stat.pickup.immersiveengineering.metal_decoration0":6,"stat.pickup.tfc.ore/lignite":16,"stat.useItem.rustichromia.windmill":2,"stat.pickup.mysticalmechanics.axle_iron":3,"stat.useItem.minecraft.obsidian":4,"stat.useItem.minecraft.stone_slab2":3545,"stat.mineBlock.tfc.plants/allium":1,"stat.pickup.tfc.bloomery":1,"stat.mineBlock.mekanism.transmitter":1,"stat.drop.theoneprobe.probenote":1,"stat.useItem.mekanism.basicblock2":10,"stat.drop.immersiveengineering.stone_device":9,"stat.pickup.rustichromia.ratiobox":13,"stat.drop.rustic.wind_thistle":2,"stat.craftItem.tfc.thatch":6,"stat.flyOneCm":4084032,"stat.drop.minerstoolbox.detonator":1,"stat.useItem.tfc.crop/seeds/cabbage":1,"stat.mineBlock.tfc.grass/andesite":57,"stat.drop.tombmanygraves.death_list":2,"stat.timeSinceDeath":545377,"stat.drop.tfc.food/rabbit":1,"stat.pickup.rustichromia.press":1,"stat.drop.mystgears.mechanical_dial":5,"stat.useItem.modulardiversity.blockmekheatinput":2,"stat.drop.minecraft.firework_charge":1,"stat.pickup.engineersdecor.small_mineral_smelter":1,"stat.drop.minecraft.flint_and_steel":1,"stat.pickup.tfc.gem/tourmaline":2,"stat.pickup.mystgears.mechanical_dial":6,"stat.pickup.minecraft.string":2,"stat.pickup.tfc.metal/propick/copper":1,"stat.mineBlock.minecraft.ladder":1,"stat.useItem.minerstoolbox.dynamite":211,"stat.useItem.immersivetech.stone_decoration":12,"stat.drop.tfc.ore/magnetite":214,"stat.sprintOneCm":1161804,"stat.pickup.minecraft.chest_minecart":2,"stat.useItem.immersiverailroading.item_manual":2,"stat.pickup.immersiveengineering.tool":4,"stat.pickup.tfc.plants/rough_horsetail":1,"stat.useItem.tfc.food/cooked_chicken":1,"stat.drop.tfc.metal/pick/black_steel":1,"stat.pickup.modularmachinery.itemblueprint":1,"stat.pickup.tfc.ore/bismuthinite":1,"stat.drop.tfc.metal/sheet/wrought_iron":5,"stat.useItem.minerstoolbox.improved_dynamite":6,"stat.pickup.tfctech.metal/copper_gear":3,"stat.useItem.minecraft.ladder":43,"stat.pickup.minecraft.snowball":154,"stat.drop.immersiveengineering.stone_decoration_slab":1,"stat.diveOneCm":2893,"stat.mineBlock.immersiveengineering.metal_device1":12,"stat.useItem.immersiverailroading.item_rolling_stock":102,"stat.pickup.storagedrawers.basicdrawers":1,"stat.pickup.modularmachinery.itemconstructtool":2,"stat.useItem.mekanism.basicblock":15,"stat.mineBlock.simplewoodenpipes.pipe":11,"stat.pickup.tfc.goldpan":1,"stat.pickup.minecraft.obsidian":3,"stat.useItem.tfc.crucible":18,"stat.useItem.immersiveengineering.metal_decoration1_slab":2,"stat.pickup.tfc.wood/log/oak":7,"stat.useItem.immersiveengineering.stone_decoration":474,"stat.jump":14005,"stat.pickup.minecraft.coal":786,"stat.pickup.minecraft.iron_ingot":2,"stat.pickup.tfc.sluice":1,"stat.pickup.tfc.food/venison":8,"stat.pickup.minecraft.gunpowder":2,"stat.pickup.appliedenergistics2.facade":2,"stat.useItem.minecraft.dispenser":7,"stat.pickup.tfc.straw":52,"stat.pickup.tfc.wood/log/douglas_fir":12,"stat.pickup.minecraft.gold_ore":1,"stat.pickup.modulardiversity.blockhotairinputhatch":3,"stat.pickup.simplewoodenpipes.pump":4,"stat.pickup.tfc.ore/small/native_copper":5,"stat.pickup.prodigytech.solid_fuel_aeroheater":1,"stat.pickup.rustic.wind_thistle":2,"stat.pickup.tfc.food/rabbit":9,"stat.damageTaken":2458,"stat.pickup.prodigymechanics.hot_air_engine":1,"stat.mineBlock.minecraft.torch":1,"stat.pickup.tfc.crop/seeds/cabbage":7,"stat.pickup.immersivepetroleum.schematic":3,"stat.useItem.forge.bucketfilled":1,"stat.drop.tfctech.electric_forge":1,"stat.pickup.immersiverailroading.item_hook":1,"stat.useItem.immersiveengineering.metal_device0":20,"stat.useItem.immersiveengineering.metal_device1":336,"stat.pickup.mystgears.windup_box":2,"stat.pickup.rustichromia.hopper_wood":1,"stat.useItem.immersiveengineering.storage":1,"stat.useItem.modulardiversity.blockhotairoutputhatch":2,"stat.useItem.minecraft.tnt":78,"stat.pickup.chisel.factory":4,"stat.pickup.tfc.ore/native_copper":35,"stat.useItem.minecraft.lava_bucket":41,"stat.pickup.questbook.itemquestbook":2,"stat.pickup.tfc.gravel/andesite":266,"stat.useItem.minecraft.melon":28,"stat.pickup.tfc.food/pork":15,"stat.mineBlock.tfc.plants/scutch_grass":74,"stat.pickup.mystgears.gear_stone":5,"stat.mineBlock.prodigytech.solid_fuel_aeroheater":1,"stat.drop.tfctech.ceramics/fluid_bowl":1,"stat.pickup.minecraft.ladder":31,"stat.drop.tfc.gravel/andesite":13,"stat.mineBlock.minecraft.tnt":3,"stat.drop.minecraft.lever":3,"stat.pickup.rustic.grapes":72,"stat.mobKills":4,"stat.pickup.tfc.stone/axe/igneous_extrusive":1,"stat.pickup.minecraft.torch":8,"stat.drop.simplewoodenpipes.pump":1,"stat.mineBlock.rustic.wind_thistle":1,"stat.useItem.tfc.food/onion":1,"stat.useItem.tfc.food/rice_bread":1,"stat.pickup.rustichromia.axle_wood":32,"stat.pickup.simplewoodenpipes.pipe":10,"stat.useItem.tfc.stone/shovel/igneous_intrusive":70,"stat.pickup.tfc.hide/sheepskin/medium":11,"stat.mineBlock.tfc.plants/switchgrass":9,"stat.pickup.immersiveengineering.stone_device":9,"stat.useItem.minecraft.water_bucket":6,"stat.pickup.minecraft.splash_potion":2,"stat.pickup.tfc.hide/raw/medium":42,"stat.pickup.tfc.raw/andesite":13,"stat.useItem.rustichromia.ratiobox":32,"stat.pickup.engineersdecor.small_fluid_funnel":2,"stat.drop.mekanism.basicblock2":1,"stat.pickup.prodigytech.wormhole_funnel":1,"stat.useItem.funkylocomotion.wrench":2,"stat.hopperInspected":34,"stat.useItem.rustic.elixir":3,"stat.trappedChestTriggered":3,"stat.pickup.tfc.fire_bricks":20,"stat.pickup.mystgears.drill":2,"stat.pickup.tfc.powder/flux":64,"stat.useItem.tfc.food/rabbit":4,"stat.pickup.tfc.ore/tetrahedrite":16,"stat.drop.minecraft.stone_slab":1,"stat.pickup.tfc.gem/topaz":3,"stat.craftItem.tfctech.ceramics/fluid_bowl":1,"stat.pickup.tfctech.metal/bronze_wire":1,"stat.useItem.modularmachinery.blockcasing":27,"stat.pickup.tfc.cobble/andesite":1,"stat.drop.minecraft.fireworks":1,"stat.drop.immersivetech.stone_decoration":1,"stat.mineBlock.tfc.raw/andesite":2,"stat.pickup.immersiverailroading.item_manual":2,"stat.drop.tfc.rock/claystone":62,"stat.playOneMinute":2783508,"stat.craftItem.tfc.stone/knife/igneous_extrusive":2,"stat.pickup.tfc.metal/sheet/wrought_iron":169,"stat.pickup.tfc.rock/andesite":1575,"stat.useItem.immersiveengineering.wooden_device0":15,"stat.pickup.engineersdecor.small_milking_machine":2,"stat.useItem.immersiveengineering.wooden_device1":5,"stat.pickup.tfctech.induction_crucible":3,"stat.pickup.minecraft.dispenser":1,"stat.pickup.tfc.wood/log/sequoia":27,"stat.pickup.chisel.dirt":5,"stat.drop.tfc.ore/bituminous_coal":101,"stat.drop.minecraft.hopper":3,"stat.drop.tfc.ore/lignite":32,"stat.drop.mysticalmechanics.creative_mech_source":1,"stat.drop.tfc.plants/calendula":1,"stat.pickup.dynamictreestfc.seed/hickory":1,"stat.pickup.tfc.ore/bituminous_coal":84,"stat.drop.immersiveengineering.treated_wood":2,"stat.useItem.immersiverailroading.item_large_wrench":1,"stat.useItem.tfc.stone/knife/igneous_intrusive":60,"stat.drop.immersiveengineering.metal_device1":32,"stat.useItem.rustichromia.axle_wood":41,"stat.pickup.modulardiversity.blockmekheatinput":2,"stat.fallOneCm":139960,"stat.pickup.mekanism.basicblock2":2,"stat.useItem.modularmachinery.itemblueprint":18,"stat.pickup.dynamictreestfc.seed/oak":2,"stat.mineBlock.rustic.horsetail":9,"stat.useItem.tfc.raw/limestone":13,"stat.drop.minecraft.gold_ore":1,"stat.useItem.tfc.stone/shovel/igneous_extrusive":4,"stat.mineBlock.minecraft.lever":2,"stat.pickup.minecraft.melon":54,"stat.pickup.rustic.horsetail":17,"stat.mineBlock.rustichromia.hopper_wood":1,"stat.pickup.minecraft.feather":10,"stat.drop.minecraft.bone":1,"stat.pickup.waterflasks.iron_flask":3,"stat.drop.tfc.grass/andesite":1,"stat.useItem.tfc.cobble/andesite":14,"stat.pickup.tfc.food/horse_meat":16,"stat.drop.betterquesting.guide_book":1,"stat.pickup.minecraft.lead":2,"stat.drop.immersiveengineering.metal_multiblock":21,"stat.drop.engineersdecor.metal_rung_ladder":2,"stat.drop.appliedenergistics2.facade":1,"stat.drop.minecraft.stick":30,"stat.pickup.minecraft.flint_and_steel":2,"stat.pickup.mystgears.gear_googly_eye":16,"stat.pickup.mekanism.ingot":1,"stat.useItem.minecraft.torch":12,"stat.useItem.minecraft.log":69,"stat.pickup.tfc.food/wolf":6,"stat.useItem.rustichromia.hopper_wood":1,"stat.pickup.minecraft.log":12,"stat.drop.immersiveengineering.tool":2,"stat.pickup.mysticalmechanics.gear_iron":29,"stat.pickup.tfc.dirt/andesite":759,"stat.pickup.rustichromia.gin":1,"stat.drop.tfc.ceramics/unfired/bowl":1,"stat.pickup.tfc.plants/houstonia":1,"stat.mineBlock.tfc.wood/barrel/acacia":1,"stat.mineBlock.tfc.plants/morning_glory":1,"stat.drop.immersiveengineering.wooden_device0":1,"stat.drop.immersiveengineering.wooden_device1":2,"stat.drop.tfctech.metal/bronze_wire":2,"stat.drop.tfc.powder/flux":64,"stat.useItem.chisel.dirt":23,"stat.drop.immersiveengineering.material":448,"stat.useItem.tfc.metal/pick/black_steel":21,"stat.drop.immersiveengineering.storage":1,"stat.drop.mekanism.configurator":1,"stat.useItem.immersiveengineering.stone_decoration_slab":141,"stat.pickup.immersiveengineering.metal_device0":2,"stat.pickup.immersiveengineering.metal_device1":28,"stat.drop.modulardiversity.blockhotairinputhatch":1,"stat.sneakTime":61802,"stat.mineBlock.rustichromia.axle_wood":17,"stat.pickup.tfc.ore/small/tetrahedrite":4,"stat.useItem.tfc.stone/knife/igneous_extrusive":35,"stat.pickup.minecraft.bone":93,"stat.pickup.immersiveengineering.wooden_device1":2,"stat.pickup.tfc.metal/shovel/copper":1,"stat.pickup.dynamictreestfc.seed/hevea":2,"stat.useItem.tfc.thatch":5,"stat.useItem.immersiveengineering.conveyor":19,"stat.drop.funkylocomotion.frame_projector":1,"stat.pickup.immersiveengineering.wooden_device0":28,"stat.drop.tfc.ore/native_copper":16,"stat.craftItem.tfc.stone/axe/igneous_extrusive":2,"stat.pickup.engineersdecor.factory_hopper":2,"stat.pickup.tfc.bellows":1,"stat.drop.mysticalmechanics.axle_iron":1,"stat.swimOneCm":17842,"stat.pickup.immersiverailroading.item_rolling_stock_component":1,"stat.pickup.rustic.ginseng":3,"stat.climbOneCm":52164,"stat.pickup.tfc.rock/gabbro":18,"stat.pickup.tfc.stone/knife/igneous_extrusive":1,"stat.drop.tfc.wood/log/hevea":16,"stat.useItem.immersivetech.metal_device":6,"stat.drop.tfc.straw":3,"stat.pickup.minerstoolbox.detonator":3,"stat.pickup.architecturecraft.sawblade":1,"stat.useItem.mystgears.mechanical_dial":5,"stat.pickup.minecraft.cobblestone":6,"stat.pickup.tfc.food/bear":1,"stat.pickup.minecraft.glass_bottle":8,"stat.mineBlock.tfc.plants/houstonia":1,"stat.useItem.modularmachinery.itemconstructtool":790,"stat.pickup.rustichromia.crank":1,"stat.mineBlock.prodigytech.tartaric_aeroheater":1,"stat.useItem.mekanism.transmitter":3,"stat.mineBlock.rustichromia.ratiobox":13,"stat.pickup.engineersdecor.metal_rung_ladder":2,"stat.mineBlock.tfc.plants/foxglove":1,"stat.useItem.tfc.food/cooked_pheasant":1,"stat.pickup.minerstoolbox.dynamite":8,"stat.pickup.tfc.stone/axe/igneous_intrusive":1,"stat.drop.minecraft.coal":750,"stat.useItem.minecraft.lever":36,"stat.pickup.minecraft.wooden_axe":1,"stat.useItem.immersivepetroleum.schematic":13,"stat.pickup.prodigytech.tartaric_aeroheater":1,"stat.pickup.alternatingflux.material":1,"stat.drop.tfc.dirt/andesite":21,"stat.useItem.immersiveengineering.treated_wood":33,"stat.pickup.tfc.wood/log/acacia":13,"stat.mineBlock.tfc.dirt/andesite":54,"stat.useItem.tfc.metal/propick/copper":102,"stat.drop.rustichromia.axle_wood":2,"stat.pickup.tfc.ore/magnetite":238,"stat.mineBlock.tfc.wood/chest_trap/rosewood":1,"stat.useItem.tfc.wall/smooth/claystone":5,"stat.useItem.modularmachinery.blockcontroller":10,"stat.pickup.mysticalmechanics.gear_fan":4,"stat.useItem.minecraft.stone_slab":1,"stat.drop.minecraft.dispenser":1,"stat.mineBlock.simplewoodenpipes.pump":4,"stat.drop.rustic.wildberries":1,"stat.pickup.mysticalmechanics.gearbox_frame":2,"stat.mineBlock.tfc.bellows":1,"stat.drop":444,"stat.drop.modulardiversity.blockmekheatinput":1,"stat.pickup.tfc.rock/claystone":2,"stat.craftItem.tfc.stone/shovel/igneous_extrusive":1,"stat.pickup.tfc.dirt/gabbro":54,"stat.pickup.mekanism.basicblock":2,"stat.pickup.rustic.wildberry_bush":1,"stat.useItem.modulardiversity.blockmystmechoutput":6,"stat.useItem.tfc.stone/axe/igneous_intrusive":1,"stat.mineBlock.tfc.cobble/andesite":1,"stat.useItem.immersiveengineering.tool":187,"stat.pickup.minecraft.gravel":1,"stat.useItem.minecraft.potion":5,"stat.useItem.immersiveengineering.metal_decoration1":304,"stat.useItem.immersiveengineering.metal_decoration0":48,"stat.pickup.modularmachinery.blockfluidoutputhatch":2,"stat.useItem.tfc.dirt/andesite":56,"stat.mineBlock.tfc.wood/barrel/ash":1,"stat.craftItem.tfc.wood/workbench/blackwood":1,"stat.useItem.minecraft.cooked_chicken":10,"stat.pickup.tfc.wood/barrel/acacia":4,"stat.dispenserInspected":6,"stat.drop.minecraft.water_bucket":1,"stat.pickup.tfc.wood/barrel/ash":3,"stat.mineBlock.tfc.wood/log/acacia":3,"stat.useItem.simplewoodenpipes.pipe":20,"stat.drop.tfc.food/chicken":1,"stat.pickup.immersiveengineering.fluorescent_tube":1,"stat.pickup.modularmachinery.blockcontroller":3,"stat.damageDealt":505,"stat.drop.mystgears.gear_googly_eye":42,"stat.sleepInBed":6,"stat.pickup.minecraft.piston":2,"stat.walkOneCm":2190556,"stat.useItem.tfc.firestarter":24,"stat.pickup.minecraft.stick":150,"stat.pickup.minecraft.clay_ball":99,"stat.useItem.immersiverailroading.item_augment":2,"stat.pickup.tfc.crucible":24,"stat.pickup.immersiveengineering.treated_wood":1,"stat.useItem.immersiveengineering.sheetmetal":276,"stat.craftItem.tfc.cobble/andesite":16,"stat.useItem.engineersdecor.small_fluid_funnel":1,"stat.pickup.tfc.ceramics/unfired/bowl":1,"stat.pickup.minecraft.tnt":57,"stat.drop.modularmachinery.itemblueprint":1,"stat.drop.immersiverailroading.item_rolling_stock_component":1,"stat.useItem.immersiveengineering.treated_wood_slab":111,"stat.pickup.tfc.hide/raw/small":11,"stat.useItem.engineerstools.sleeping_bag":8,"stat.useItem.tfc.metal/shovel/copper":3,"stat.pickup.tfctech.metal/wrought_iron_rod":2,"stat.pickup.tfc.food/chicken":2,"stat.useItem.chisel.factory":73,"stat.pickup.tfc.food/beef":10,"stat.mineBlock.immersiveengineering.stone_decoration":2,"stat.useItem.tfc.metal/shovel/black_steel":30}