{
  "questProgress:9": {
    "0:10": {
      "questID:3": 0,
      "completed:9": {},
      "tasks:9": {
        "0:10": {
          "completeUsers:9": {
            "0:8": "d60956f3-2fbe-4a13-9211-8387d008c5ad"
          },
          "userProgress:9": {
            "0:10": {
              "data:9": {
                "0:3": 10
              },
              "uuid:8": "d60956f3-2fbe-4a13-9211-8387d008c5ad"
            }
          },
          "index:3": 0,
          "taskID:8": "bq_standard:retrieval"
        }
      }
    },
    "1:10": {
      "questID:3": 1,
      "completed:9": {},
      "tasks:9": {
        "0:10": {
          "completeUsers:9": {},
          "userProgress:9": {},
          "index:3": 0,
          "taskID:8": "bq_standard:retrieval"
        }
      }
    },
    "2:10": {
      "questID:3": 2,
      "completed:9": {},
      "tasks:9": {
        "0:10": {
          "completeUsers:9": {},
          "userProgress:9": {},
          "index:3": 0,
          "taskID:8": "bq_standard:retrieval"
        }
      }
    },
    "3:10": {
      "questID:3": 3,
      "completed:9": {},
      "tasks:9": {
        "0:10": {
          "completeUsers:9": {
            "0:8": "d60956f3-2fbe-4a13-9211-8387d008c5ad"
          },
          "userProgress:9": {
            "0:10": {
              "data:9": {
                "0:3": 2
              },
              "uuid:8": "d60956f3-2fbe-4a13-9211-8387d008c5ad"
            }
          },
          "index:3": 0,
          "taskID:8": "bq_standard:retrieval"
        }
      }
    },
    "4:10": {
      "questID:3": 4,
      "completed:9": {},
      "tasks:9": {
        "0:10": {
          "completeUsers:9": {
            "0:8": "d60956f3-2fbe-4a13-9211-8387d008c5ad"
          },
          "userProgress:9": {
            "0:10": {
              "data:9": {
                "0:3": 1,
                "1:3": 3,
                "2:3": 1,
                "3:3": 1
              },
              "uuid:8": "d60956f3-2fbe-4a13-9211-8387d008c5ad"
            }
          },
          "index:3": 0,
          "taskID:8": "bq_standard:retrieval"
        }
      }
    },
    "5:10": {
      "questID:3": 5,
      "completed:9": {},
      "tasks:9": {
        "0:10": {
          "completeUsers:9": {},
          "userProgress:9": {},
          "index:3": 0,
          "taskID:8": "bq_standard:retrieval"
        }
      }
    },
    "6:10": {
      "questID:3": 6,
      "completed:9": {},
      "tasks:9": {
        "0:10": {
          "completeUsers:9": {},
          "userProgress:9": {},
          "index:3": 0,
          "taskID:8": "bq_standard:retrieval"
        }
      }
    },
    "7:10": {
      "questID:3": 7,
      "completed:9": {},
      "tasks:9": {
        "0:10": {
          "completeUsers:9": {},
          "userProgress:9": {},
          "index:3": 0,
          "taskID:8": "bq_standard:retrieval"
        }
      }
    },
    "8:10": {
      "questID:3": 8,
      "completed:9": {},
      "tasks:9": {
        "0:10": {
          "completeUsers:9": {},
          "userProgress:9": {},
          "index:3": 0,
          "taskID:8": "bq_standard:retrieval"
        }
      }
    },
    "9:10": {
      "questID:3": 9,
      "completed:9": {},
      "tasks:9": {
        "0:10": {
          "completeUsers:9": {},
          "userProgress:9": {},
          "index:3": 0,
          "taskID:8": "bq_standard:retrieval"
        }
      }
    },
    "10:10": {
      "questID:3": 10,
      "completed:9": {},
      "tasks:9": {}
    },
    "11:10": {
      "questID:3": 11,
      "completed:9": {},
      "tasks:9": {}
    },
    "12:10": {
      "questID:3": 12,
      "completed:9": {},
      "tasks:9": {}
    },
    "13:10": {
      "questID:3": 13,
      "completed:9": {},
      "tasks:9": {
        "0:10": {
          "completeUsers:9": {},
          "userProgress:9": {},
          "index:3": 0,
          "taskID:8": "bq_standard:retrieval"
        }
      }
    },
    "14:10": {
      "questID:3": 14,
      "completed:9": {},
      "tasks:9": {
        "0:10": {
          "completeUsers:9": {},
          "userProgress:9": {},
          "index:3": 0,
          "taskID:8": "bq_standard:retrieval"
        }
      }
    },
    "15:10": {
      "questID:3": 15,
      "completed:9": {},
      "tasks:9": {}
    },
    "16:10": {
      "questID:3": 16,
      "completed:9": {},
      "tasks:9": {}
    },
    "17:10": {
      "questID:3": 17,
      "completed:9": {},
      "tasks:9": {}
    },
    "18:10": {
      "questID:3": 18,
      "completed:9": {},
      "tasks:9": {}
    },
    "19:10": {
      "questID:3": 19,
      "completed:9": {},
      "tasks:9": {}
    },
    "20:10": {
      "questID:3": 20,
      "completed:9": {},
      "tasks:9": {}
    },
    "21:10": {
      "questID:3": 21,
      "completed:9": {},
      "tasks:9": {}
    },
    "22:10": {
      "questID:3": 22,
      "completed:9": {},
      "tasks:9": {}
    },
    "23:10": {
      "questID:3": 23,
      "completed:9": {},
      "tasks:9": {}
    },
    "24:10": {
      "questID:3": 24,
      "completed:9": {},
      "tasks:9": {}
    },
    "25:10": {
      "questID:3": 25,
      "completed:9": {},
      "tasks:9": {}
    },
    "26:10": {
      "questID:3": 26,
      "completed:9": {},
      "tasks:9": {}
    },
    "27:10": {
      "questID:3": 27,
      "completed:9": {},
      "tasks:9": {}
    },
    "28:10": {
      "questID:3": 28,
      "completed:9": {},
      "tasks:9": {}
    },
    "29:10": {
      "questID:3": 29,
      "completed:9": {},
      "tasks:9": {}
    },
    "30:10": {
      "questID:3": 30,
      "completed:9": {},
      "tasks:9": {}
    },
    "31:10": {
      "questID:3": 31,
      "completed:9": {},
      "tasks:9": {}
    }
  }
}