{
  "build:8": "3.5.323",
  "format:8": "2.0.0",
  "questDatabase:9": {
    "0:10": {
      "questID:3": 0,
      "preRequisites:11": [
        4
      ],
      "properties:10": {
        "betterquesting:10": {
          "issilent:1": 0,
          "snd_complete:8": "minecraft:entity.player.levelup",
          "lockedprogress:1": 0,
          "tasklogic:8": "AND",
          "repeattime:3": -1,
          "visibility:8": "NORMAL",
          "simultaneous:1": 0,
          "icon:10": {
            "id:8": "minecraft:clay_ball",
            "Count:3": 1,
            "Damage:2": 0,
            "OreDict:8": ""
          },
          "globalshare:1": 0,
          "questlogic:8": "AND",
          "snd_update:8": "minecraft:entity.player.levelup",
          "autoclaim:1": 0,
          "repeat_relative:1": 1,
          "ismain:1": 0,
          "name:8": "Clay",
          "desc:8": "No Description"
        }
      },
      "tasks:9": {
        "0:10": {
          "partialMatch:1": 1,
          "autoConsume:1": 0,
          "groupDetect:1": 0,
          "ignoreNBT:1": 0,
          "index:3": 0,
          "consume:1": 0,
          "requiredItems:9": {
            "0:10": {
              "id:8": "minecraft:clay_ball",
              "Count:3": 10,
              "Damage:2": 0,
              "OreDict:8": "clay"
            }
          },
          "taskID:8": "bq_standard:retrieval"
        }
      },
      "rewards:9": {}
    },
    "1:10": {
      "questID:3": 1,
      "preRequisites:11": [
        0
      ],
      "properties:10": {
        "betterquesting:10": {
          "issilent:1": 0,
          "snd_complete:8": "minecraft:entity.player.levelup",
          "lockedprogress:1": 0,
          "tasklogic:8": "AND",
          "repeattime:3": -1,
          "visibility:8": "NORMAL",
          "simultaneous:1": 0,
          "icon:10": {
            "id:8": "tfc:goldpan",
            "Count:3": 1,
            "Damage:2": 0,
            "OreDict:8": ""
          },
          "globalshare:1": 0,
          "questlogic:8": "AND",
          "snd_update:8": "minecraft:entity.player.levelup",
          "autoclaim:1": 0,
          "repeat_relative:1": 1,
          "ismain:1": 0,
          "name:8": "Clay tools",
          "desc:8": "No Description"
        }
      },
      "tasks:9": {
        "0:10": {
          "partialMatch:1": 1,
          "autoConsume:1": 0,
          "groupDetect:1": 0,
          "ignoreNBT:1": 0,
          "index:3": 0,
          "consume:1": 0,
          "requiredItems:9": {
            "0:10": {
              "id:8": "tfc:goldpan",
              "Count:3": 1,
              "Damage:2": 0,
              "OreDict:8": ""
            },
            "1:10": {
              "ForgeCaps:10": {
                "Parent:10": {
                  "heat:5": 0.0,
                  "fluidMode:1": 0,
                  "ticks:4": -1,
                  "items:10": {
                    "Size:3": 4,
                    "Items:9": {}
                  }
                }
              },
              "id:8": "tfc:ceramics/fired/vessel",
              "Count:3": 1,
              "Damage:2": 0,
              "OreDict:8": ""
            },
            "2:10": {
              "id:8": "tfc:ceramics/fired/jug",
              "Count:3": 1,
              "Damage:2": 0,
              "OreDict:8": ""
            }
          },
          "taskID:8": "bq_standard:retrieval"
        }
      },
      "rewards:9": {
        "0:10": {
          "rewardID:8": "bq_standard:item",
          "index:3": 0,
          "rewards:9": {
            "0:10": {
              "ForgeCaps:10": {
                "Parent:10": {
                  "heat:5": 0.0,
                  "ticks:4": -1
                }
              },
              "id:8": "tfc:ore/small/native_copper",
              "Count:3": 5,
              "Damage:2": 0,
              "OreDict:8": ""
            }
          }
        }
      }
    },
    "2:10": {
      "questID:3": 2,
      "preRequisites:11": [
        1
      ],
      "properties:10": {
        "betterquesting:10": {
          "issilent:1": 0,
          "snd_complete:8": "minecraft:entity.player.levelup",
          "lockedprogress:1": 0,
          "tasklogic:8": "AND",
          "repeattime:3": -1,
          "visibility:8": "NORMAL",
          "simultaneous:1": 0,
          "icon:10": {
            "ForgeCaps:10": {
              "Parent:10": {
                "heat:5": 0.0,
                "ticks:4": -1
              }
            },
            "id:8": "tfc:ore/small/native_copper",
            "Count:3": 1,
            "Damage:2": 0,
            "OreDict:8": "oreCopperSmall"
          },
          "globalshare:1": 0,
          "questlogic:8": "AND",
          "snd_update:8": "minecraft:entity.player.levelup",
          "autoclaim:1": 0,
          "repeat_relative:1": 1,
          "ismain:1": 0,
          "name:8": "First Metal",
          "desc:8": "No Description"
        }
      },
      "tasks:9": {
        "0:10": {
          "partialMatch:1": 1,
          "autoConsume:1": 0,
          "groupDetect:1": 0,
          "ignoreNBT:1": 0,
          "index:3": 0,
          "consume:1": 0,
          "requiredItems:9": {
            "0:10": {
              "ForgeCaps:10": {
                "Parent:10": {
                  "heat:5": 0.0,
                  "ticks:4": -1
                }
              },
              "id:8": "tfc:ore/small/native_copper",
              "Count:3": 10,
              "Damage:2": 0,
              "OreDict:8": "oreCopperSmall"
            }
          },
          "taskID:8": "bq_standard:retrieval"
        }
      },
      "rewards:9": {
        "0:10": {
          "rewardID:8": "bq_standard:item",
          "index:3": 0,
          "rewards:9": {
            "0:10": {
              "ForgeCaps:10": {
                "Parent:10": {
                  "heat:5": 0.0,
                  "ticks:4": -1
                }
              },
              "id:8": "tfc:ore/small/native_copper",
              "Count:3": 30,
              "Damage:2": 0,
              "OreDict:8": ""
            }
          }
        }
      }
    },
    "3:10": {
      "questID:3": 3,
      "preRequisites:11": [
        2
      ],
      "properties:10": {
        "betterquesting:10": {
          "issilent:1": 0,
          "snd_complete:8": "minecraft:entity.player.levelup",
          "lockedprogress:1": 0,
          "tasklogic:8": "AND",
          "repeattime:3": -1,
          "visibility:8": "NORMAL",
          "simultaneous:1": 0,
          "icon:10": {
            "id:8": "tfc:wood/lumber/maple",
            "Count:3": 1,
            "Damage:2": 0,
            "OreDict:8": "lumberMaple"
          },
          "globalshare:1": 0,
          "questlogic:8": "AND",
          "snd_update:8": "minecraft:entity.player.levelup",
          "autoclaim:1": 0,
          "repeat_relative:1": 1,
          "ismain:1": 0,
          "name:8": "Lumber",
          "desc:8": "No Description"
        }
      },
      "tasks:9": {},
      "rewards:9": {}
    },
    "4:10": {
      "questID:3": 4,
      "preRequisites:11": [],
      "properties:10": {
        "betterquesting:10": {
          "issilent:1": 0,
          "snd_complete:8": "minecraft:entity.player.levelup",
          "lockedprogress:1": 0,
          "tasklogic:8": "AND",
          "repeattime:3": -1,
          "visibility:8": "NORMAL",
          "simultaneous:1": 0,
          "icon:10": {
            "id:8": "tfc:firepit",
            "Count:3": 1,
            "Damage:2": 0,
            "OreDict:8": ""
          },
          "globalshare:1": 0,
          "questlogic:8": "AND",
          "snd_update:8": "minecraft:entity.player.levelup",
          "autoclaim:1": 0,
          "repeat_relative:1": 1,
          "ismain:1": 1,
          "name:8": "Fire and You",
          "desc:8": "§rUse§r §n§rfirestarter§r to make firepit by §n§o§rstick,straw,log§r"
        }
      },
      "tasks:9": {
        "0:10": {
          "partialMatch:1": 1,
          "autoConsume:1": 0,
          "groupDetect:1": 0,
          "ignoreNBT:1": 0,
          "index:3": 0,
          "consume:1": 0,
          "requiredItems:9": {
            "0:10": {
              "id:8": "tfc:straw",
              "Count:3": 1,
              "Damage:2": 0,
              "OreDict:8": ""
            },
            "1:10": {
              "ForgeCaps:10": {
                "tfc:item_size:10": {
                  "heat:5": 0.0,
                  "ticks:4": -1
                }
              },
              "id:8": "minecraft:stick",
              "Count:3": 3,
              "Damage:2": 0,
              "OreDict:8": ""
            },
            "2:10": {
              "id:8": "tfc:wood/log/acacia",
              "Count:3": 1,
              "Damage:2": 0,
              "OreDict:8": "logWood"
            },
            "3:10": {
              "id:8": "tfc:firestarter",
              "Count:3": 1,
              "Damage:2": 0,
              "OreDict:8": ""
            }
          },
          "taskID:8": "bq_standard:retrieval"
        }
      },
      "rewards:9": {
        "0:10": {
          "rewardID:8": "bq_standard:item",
          "index:3": 0,
          "rewards:9": {
            "0:10": {
              "id:8": "tfc:wood/log/acacia",
              "Count:3": 10,
              "Damage:2": 0,
              "OreDict:8": ""
            }
          }
        }
      }
    },
    "5:10": {
      "questID:3": 5,
      "preRequisites:11": [
        0,
        27
      ],
      "properties:10": {
        "betterquesting:10": {
          "issilent:1": 0,
          "snd_complete:8": "minecraft:entity.player.levelup",
          "lockedprogress:1": 0,
          "tasklogic:8": "AND",
          "repeattime:3": -1,
          "visibility:8": "NORMAL",
          "simultaneous:1": 0,
          "icon:10": {
            "id:8": "immersiveengineering:stone_decoration",
            "Count:3": 1,
            "Damage:2": 0,
            "OreDict:8": ""
          },
          "globalshare:1": 0,
          "questlogic:8": "AND",
          "snd_update:8": "minecraft:entity.player.levelup",
          "autoclaim:1": 0,
          "repeat_relative:1": 1,
          "ismain:1": 0,
          "name:8": "Coke Oven",
          "desc:8": "No Description"
        }
      },
      "tasks:9": {
        "0:10": {
          "partialMatch:1": 1,
          "autoConsume:1": 0,
          "groupDetect:1": 0,
          "ignoreNBT:1": 0,
          "index:3": 0,
          "consume:1": 0,
          "requiredItems:9": {
            "0:10": {
              "id:8": "immersiveengineering:stone_decoration",
              "Count:3": 27,
              "Damage:2": 0,
              "OreDict:8": ""
            }
          },
          "taskID:8": "bq_standard:retrieval"
        }
      },
      "rewards:9": {
        "0:10": {
          "rewardID:8": "bq_standard:item",
          "index:3": 0,
          "rewards:9": {
            "0:10": {
              "id:8": "tfc:ore/bituminous_coal",
              "Count:3": 30,
              "Damage:2": 0,
              "OreDict:8": ""
            },
            "1:10": {
              "id:8": "immersiveengineering:tool",
              "Count:3": 1,
              "Damage:2": 0,
              "OreDict:8": ""
            }
          }
        }
      }
    },
    "6:10": {
      "questID:3": 6,
      "preRequisites:11": [
        12,
        16
      ],
      "properties:10": {
        "betterquesting:10": {
          "issilent:1": 0,
          "snd_complete:8": "minecraft:entity.player.levelup",
          "lockedprogress:1": 0,
          "tasklogic:8": "AND",
          "repeattime:3": -1,
          "visibility:8": "NORMAL",
          "simultaneous:1": 0,
          "icon:10": {
            "id:8": "rustichromia:gin",
            "Count:3": 1,
            "Damage:2": 0,
            "OreDict:8": ""
          },
          "globalshare:1": 0,
          "questlogic:8": "AND",
          "snd_update:8": "minecraft:entity.player.levelup",
          "autoclaim:1": 0,
          "repeat_relative:1": 1,
          "ismain:1": 0,
          "name:8": "New Quest",
          "desc:8": "No Description"
        }
      },
      "tasks:9": {},
      "rewards:9": {}
    },
    "7:10": {
      "questID:3": 7,
      "preRequisites:11": [
        3
      ],
      "properties:10": {
        "betterquesting:10": {
          "issilent:1": 0,
          "snd_complete:8": "minecraft:entity.player.levelup",
          "lockedprogress:1": 0,
          "tasklogic:8": "AND",
          "repeattime:3": -1,
          "visibility:8": "NORMAL",
          "simultaneous:1": 0,
          "icon:10": {
            "id:8": "mystgears:gear_wood",
            "Count:3": 1,
            "Damage:2": 0,
            "OreDict:8": ""
          },
          "globalshare:1": 0,
          "questlogic:8": "AND",
          "snd_update:8": "minecraft:entity.player.levelup",
          "autoclaim:1": 0,
          "repeat_relative:1": 1,
          "ismain:1": 0,
          "name:8": "Start of Mechanic",
          "desc:8": "No Description"
        }
      },
      "tasks:9": {
        "0:10": {
          "partialMatch:1": 1,
          "autoConsume:1": 0,
          "groupDetect:1": 0,
          "ignoreNBT:1": 0,
          "index:3": 0,
          "consume:1": 0,
          "requiredItems:9": {
            "0:10": {
              "id:8": "rustichromia:axle_wood",
              "Count:3": 10,
              "Damage:2": 0,
              "OreDict:8": ""
            }
          },
          "taskID:8": "bq_standard:retrieval"
        }
      },
      "rewards:9": {
        "0:10": {
          "rewardID:8": "bq_standard:item",
          "index:3": 0,
          "rewards:9": {
            "0:10": {
              "id:8": "rustichromia:hopper_wood",
              "Count:3": 3,
              "Damage:2": 0,
              "OreDict:8": ""
            },
            "1:10": {
              "id:8": "storagedrawers:basicdrawers",
              "Count:3": 3,
              "tag:10": {
                "material:8": "oak"
              },
              "Damage:2": 0,
              "OreDict:8": ""
            },
            "2:10": {
              "id:8": "rustichromia:crank",
              "Count:3": 1,
              "Damage:2": 0,
              "OreDict:8": ""
            }
          }
        }
      }
    },
    "8:10": {
      "questID:3": 8,
      "preRequisites:11": [
        5,
        23
      ],
      "properties:10": {
        "betterquesting:10": {
          "issilent:1": 0,
          "snd_complete:8": "minecraft:entity.player.levelup",
          "lockedprogress:1": 0,
          "tasklogic:8": "AND",
          "repeattime:3": -1,
          "visibility:8": "NORMAL",
          "simultaneous:1": 0,
          "icon:10": {
            "id:8": "tfc:crop/product/jute_fiber",
            "Count:3": 1,
            "Damage:2": 0,
            "OreDict:8": ""
          },
          "globalshare:1": 0,
          "questlogic:8": "AND",
          "snd_update:8": "minecraft:entity.player.levelup",
          "autoclaim:1": 0,
          "repeat_relative:1": 1,
          "ismain:1": 0,
          "name:8": "Fiber",
          "desc:8": "No Description"
        }
      },
      "tasks:9": {
        "0:10": {
          "partialMatch:1": 1,
          "autoConsume:1": 0,
          "groupDetect:1": 0,
          "ignoreNBT:1": 0,
          "index:3": 0,
          "consume:1": 0,
          "requiredItems:9": {
            "0:10": {
              "id:8": "tfc:crop/product/jute_fiber",
              "Count:3": 10,
              "Damage:2": 0,
              "OreDict:8": ""
            }
          },
          "taskID:8": "bq_standard:retrieval"
        }
      },
      "rewards:9": {}
    },
    "9:10": {
      "questID:3": 9,
      "preRequisites:11": [
        7,
        16
      ],
      "properties:10": {
        "betterquesting:10": {
          "issilent:1": 0,
          "snd_complete:8": "minecraft:entity.player.levelup",
          "lockedprogress:1": 0,
          "tasklogic:8": "AND",
          "repeattime:3": -1,
          "visibility:8": "NORMAL",
          "simultaneous:1": 0,
          "icon:10": {
            "id:8": "rustichromia:gin",
            "Count:3": 1,
            "Damage:2": 0,
            "OreDict:8": ""
          },
          "globalshare:1": 0,
          "questlogic:8": "AND",
          "snd_update:8": "minecraft:entity.player.levelup",
          "autoclaim:1": 0,
          "repeat_relative:1": 1,
          "ismain:1": 0,
          "name:8": "Too many fibers",
          "desc:8": "No Description"
        }
      },
      "tasks:9": {
        "0:10": {
          "partialMatch:1": 1,
          "autoConsume:1": 0,
          "groupDetect:1": 0,
          "ignoreNBT:1": 0,
          "index:3": 0,
          "consume:1": 0,
          "requiredItems:9": {
            "0:10": {
              "id:8": "rustichromia:gin",
              "Count:3": 1,
              "Damage:2": 0,
              "OreDict:8": ""
            }
          },
          "taskID:8": "bq_standard:retrieval"
        }
      },
      "rewards:9": {}
    },
    "10:10": {
      "questID:3": 10,
      "preRequisites:11": [
        7,
        16
      ],
      "properties:10": {
        "betterquesting:10": {
          "issilent:1": 0,
          "snd_complete:8": "minecraft:entity.player.levelup",
          "lockedprogress:1": 0,
          "tasklogic:8": "AND",
          "repeattime:3": -1,
          "visibility:8": "NORMAL",
          "simultaneous:1": 0,
          "icon:10": {
            "id:8": "rustichromia:windmill",
            "Count:3": 1,
            "Damage:2": 0,
            "OreDict:8": ""
          },
          "globalshare:1": 0,
          "questlogic:8": "AND",
          "snd_update:8": "minecraft:entity.player.levelup",
          "autoclaim:1": 0,
          "repeat_relative:1": 1,
          "ismain:1": 0,
          "name:8": "Wind power",
          "desc:8": "No Description"
        }
      },
      "tasks:9": {
        "0:10": {
          "partialMatch:1": 1,
          "autoConsume:1": 0,
          "groupDetect:1": 0,
          "ignoreNBT:1": 0,
          "index:3": 0,
          "consume:1": 0,
          "requiredItems:9": {
            "0:10": {
              "id:8": "rustichromia:windmill",
              "Count:3": 1,
              "Damage:2": 0,
              "OreDict:8": ""
            },
            "1:10": {
              "id:8": "rustichromia:windmill_blade",
              "Count:3": 1,
              "Damage:2": 0,
              "OreDict:8": ""
            }
          },
          "taskID:8": "bq_standard:retrieval"
        }
      },
      "rewards:9": {}
    },
    "11:10": {
      "questID:3": 11,
      "preRequisites:11": [
        12,
        14
      ],
      "properties:10": {
        "betterquesting:10": {
          "issilent:1": 0,
          "snd_complete:8": "minecraft:entity.player.levelup",
          "lockedprogress:1": 0,
          "tasklogic:8": "AND",
          "repeattime:3": -1,
          "visibility:8": "NORMAL",
          "simultaneous:1": 0,
          "icon:10": {
            "id:8": "rustichromia:quern",
            "Count:3": 1,
            "Damage:2": 0,
            "OreDict:8": ""
          },
          "globalshare:1": 0,
          "questlogic:8": "AND",
          "snd_update:8": "minecraft:entity.player.levelup",
          "autoclaim:1": 0,
          "repeat_relative:1": 1,
          "ismain:1": 0,
          "name:8": "Automated Quern",
          "desc:8": "No Description"
        }
      },
      "tasks:9": {
        "0:10": {
          "partialMatch:1": 1,
          "autoConsume:1": 0,
          "groupDetect:1": 0,
          "ignoreNBT:1": 0,
          "index:3": 0,
          "consume:1": 0,
          "requiredItems:9": {
            "0:10": {
              "id:8": "rustichromia:quern",
              "Count:3": 1,
              "Damage:2": 0,
              "OreDict:8": ""
            }
          },
          "taskID:8": "bq_standard:retrieval"
        }
      },
      "rewards:9": {}
    },
    "12:10": {
      "questID:3": 12,
      "preRequisites:11": [
        7
      ],
      "properties:10": {
        "betterquesting:10": {
          "issilent:1": 0,
          "snd_complete:8": "minecraft:entity.player.levelup",
          "lockedprogress:1": 0,
          "tasklogic:8": "AND",
          "repeattime:3": -1,
          "visibility:8": "NORMAL",
          "simultaneous:1": 0,
          "icon:10": {
            "id:8": "rustichromia:ratiobox",
            "Count:3": 1,
            "Damage:2": 0,
            "OreDict:8": ""
          },
          "globalshare:1": 0,
          "questlogic:8": "AND",
          "snd_update:8": "minecraft:entity.player.levelup",
          "autoclaim:1": 0,
          "repeat_relative:1": 1,
          "ismain:1": 0,
          "name:8": "Turn and Split",
          "desc:8": "No Description"
        }
      },
      "tasks:9": {
        "0:10": {
          "partialMatch:1": 1,
          "autoConsume:1": 0,
          "groupDetect:1": 0,
          "ignoreNBT:1": 0,
          "index:3": 0,
          "consume:1": 0,
          "requiredItems:9": {
            "0:10": {
              "id:8": "rustichromia:ratiobox",
              "Count:3": 5,
              "Damage:2": 0,
              "OreDict:8": ""
            }
          },
          "taskID:8": "bq_standard:retrieval"
        }
      },
      "rewards:9": {}
    },
    "13:10": {
      "questID:3": 13,
      "preRequisites:11": [
        12
      ],
      "properties:10": {
        "betterquesting:10": {
          "issilent:1": 0,
          "snd_complete:8": "minecraft:entity.player.levelup",
          "lockedprogress:1": 0,
          "tasklogic:8": "AND",
          "repeattime:3": -1,
          "visibility:8": "NORMAL",
          "simultaneous:1": 0,
          "icon:10": {
            "id:8": "rustichromia:assembler1",
            "Count:3": 1,
            "Damage:2": 0,
            "OreDict:8": ""
          },
          "globalshare:1": 0,
          "questlogic:8": "AND",
          "snd_update:8": "minecraft:entity.player.levelup",
          "autoclaim:1": 0,
          "repeat_relative:1": 1,
          "ismain:1": 0,
          "name:8": "Assembler",
          "desc:8": "No Description"
        }
      },
      "tasks:9": {
        "0:10": {
          "partialMatch:1": 1,
          "autoConsume:1": 0,
          "groupDetect:1": 0,
          "ignoreNBT:1": 0,
          "index:3": 0,
          "consume:1": 0,
          "requiredItems:9": {
            "0:10": {
              "id:8": "rustichromia:assembler1",
              "Count:3": 1,
              "Damage:2": 0,
              "OreDict:8": ""
            }
          },
          "taskID:8": "bq_standard:retrieval"
        }
      },
      "rewards:9": {}
    },
    "14:10": {
      "questID:3": 14,
      "preRequisites:11": [
        8
      ],
      "properties:10": {
        "betterquesting:10": {
          "issilent:1": 0,
          "snd_complete:8": "minecraft:entity.player.levelup",
          "lockedprogress:1": 0,
          "tasklogic:8": "AND",
          "repeattime:3": -1,
          "visibility:8": "NORMAL",
          "simultaneous:1": 0,
          "icon:10": {
            "id:8": "tfc:handstone",
            "Count:3": 1,
            "Damage:2": 0,
            "OreDict:8": ""
          },
          "globalshare:1": 0,
          "questlogic:8": "AND",
          "snd_update:8": "minecraft:entity.player.levelup",
          "autoclaim:1": 0,
          "repeat_relative:1": 1,
          "ismain:1": 0,
          "name:8": "Grind",
          "desc:8": "No Description"
        }
      },
      "tasks:9": {
        "0:10": {
          "partialMatch:1": 1,
          "autoConsume:1": 0,
          "groupDetect:1": 0,
          "ignoreNBT:1": 0,
          "index:3": 0,
          "consume:1": 0,
          "requiredItems:9": {
            "0:10": {
              "id:8": "tfc:quern",
              "Count:3": 1,
              "Damage:2": 0,
              "OreDict:8": ""
            },
            "1:10": {
              "id:8": "tfc:handstone",
              "Count:3": 1,
              "Damage:2": 0,
              "OreDict:8": ""
            }
          },
          "taskID:8": "bq_standard:retrieval"
        }
      },
      "rewards:9": {
        "0:10": {
          "rewardID:8": "bq_standard:item",
          "index:3": 0,
          "rewards:9": {
            "0:10": {
              "id:8": "tfc:crop/product/jute_fiber",
              "Count:3": 10,
              "Damage:2": 0,
              "OreDict:8": ""
            }
          }
        }
      }
    },
    "15:10": {
      "questID:3": 15,
      "preRequisites:11": [
        7
      ],
      "properties:10": {
        "betterquesting:10": {
          "issilent:1": 0,
          "snd_complete:8": "minecraft:entity.player.levelup",
          "lockedprogress:1": 0,
          "tasklogic:8": "AND",
          "repeattime:3": -1,
          "visibility:8": "NORMAL",
          "simultaneous:1": 0,
          "icon:10": {
            "id:8": "prodigytech:solid_fuel_aeroheater",
            "Count:3": 1,
            "Damage:2": 0,
            "OreDict:8": ""
          },
          "globalshare:1": 0,
          "questlogic:8": "AND",
          "snd_update:8": "minecraft:entity.player.levelup",
          "autoclaim:1": 0,
          "repeat_relative:1": 1,
          "ismain:1": 0,
          "name:8": "...And Fireball",
          "desc:8": "No Description"
        }
      },
      "tasks:9": {
        "0:10": {
          "partialMatch:1": 1,
          "autoConsume:1": 0,
          "groupDetect:1": 0,
          "ignoreNBT:1": 0,
          "index:3": 0,
          "consume:1": 0,
          "requiredItems:9": {
            "0:10": {
              "id:8": "prodigytech:solid_fuel_aeroheater",
              "Count:3": 1,
              "Damage:2": 0,
              "OreDict:8": ""
            },
            "1:10": {
              "id:8": "prodigymechanics:hot_air_engine",
              "Count:3": 1,
              "Damage:2": 0,
              "OreDict:8": ""
            }
          },
          "taskID:8": "bq_standard:retrieval"
        }
      },
      "rewards:9": {
        "0:10": {
          "rewardID:8": "bq_standard:item",
          "index:3": 0,
          "rewards:9": {
            "0:10": {
              "id:8": "tfc:ore/bituminous_coal",
              "Count:3": 32,
              "Damage:2": 0,
              "OreDict:8": ""
            },
            "1:10": {
              "id:8": "prodigytech:air_funnel",
              "Count:3": 10,
              "Damage:2": 0,
              "OreDict:8": ""
            }
          }
        }
      }
    },
    "16:10": {
      "questID:3": 16,
      "preRequisites:11": [
        8
      ],
      "properties:10": {
        "betterquesting:10": {
          "issilent:1": 0,
          "snd_complete:8": "minecraft:entity.player.levelup",
          "lockedprogress:1": 0,
          "tasklogic:8": "AND",
          "repeattime:3": -1,
          "visibility:8": "NORMAL",
          "simultaneous:1": 0,
          "icon:10": {
            "id:8": "tfc:wood/loom/acacia",
            "Count:3": 1,
            "Damage:2": 0,
            "OreDict:8": ""
          },
          "globalshare:1": 0,
          "questlogic:8": "AND",
          "snd_update:8": "minecraft:entity.player.levelup",
          "autoclaim:1": 0,
          "repeat_relative:1": 1,
          "ismain:1": 0,
          "name:8": "Room(L)",
          "desc:8": "No Description"
        }
      },
      "tasks:9": {
        "0:10": {
          "partialMatch:1": 1,
          "autoConsume:1": 0,
          "groupDetect:1": 0,
          "ignoreNBT:1": 0,
          "index:3": 0,
          "consume:1": 0,
          "requiredItems:9": {
            "0:10": {
              "id:8": "tfc:wood/loom/acacia",
              "Count:3": 1,
              "Damage:2": 0,
              "OreDict:8": ""
            }
          },
          "taskID:8": "bq_standard:retrieval"
        }
      },
      "rewards:9": {}
    },
    "17:10": {
      "questID:3": 17,
      "preRequisites:11": [],
      "properties:10": {
        "betterquesting:10": {
          "issilent:1": 0,
          "snd_complete:8": "minecraft:entity.player.levelup",
          "lockedprogress:1": 0,
          "tasklogic:8": "AND",
          "repeattime:3": -1,
          "visibility:8": "NORMAL",
          "simultaneous:1": 0,
          "icon:10": {
            "id:8": "tfc:ceramics/fire_clay",
            "Count:3": 1,
            "Damage:2": 0,
            "OreDict:8": ""
          },
          "globalshare:1": 0,
          "questlogic:8": "AND",
          "snd_update:8": "minecraft:entity.player.levelup",
          "autoclaim:1": 0,
          "repeat_relative:1": 1,
          "ismain:1": 1,
          "name:8": "New Quest",
          "desc:8": "No Description"
        }
      },
      "tasks:9": {},
      "rewards:9": {}
    },
    "18:10": {
      "questID:3": 18,
      "preRequisites:11": [
        24,
        31
      ],
      "properties:10": {
        "betterquesting:10": {
          "issilent:1": 0,
          "snd_complete:8": "minecraft:entity.player.levelup",
          "lockedprogress:1": 0,
          "tasklogic:8": "AND",
          "repeattime:3": -1,
          "visibility:8": "NORMAL",
          "simultaneous:1": 0,
          "icon:10": {
            "ForgeCaps:10": {
              "Parent:10": {
                "heat:5": 0.0,
                "ticks:4": -1,
                "forge:10": {
                  "work:3": 0,
                  "steps:10": {
                    "last:3": 0,
                    "third:3": 0,
                    "second:3": 0
                  }
                }
              }
            },
            "id:8": "tfc:metal/pick/black_steel",
            "Count:3": 1,
            "Damage:2": 0,
            "OreDict:8": ""
          },
          "globalshare:1": 0,
          "questlogic:8": "AND",
          "snd_update:8": "minecraft:entity.player.levelup",
          "autoclaim:1": 0,
          "repeat_relative:1": 1,
          "ismain:1": 1,
          "name:8": "New Quest",
          "desc:8": "No Description"
        }
      },
      "tasks:9": {},
      "rewards:9": {}
    },
    "19:10": {
      "questID:3": 19,
      "preRequisites:11": [
        14
      ],
      "properties:10": {
        "betterquesting:10": {
          "issilent:1": 0,
          "snd_complete:8": "minecraft:entity.player.levelup",
          "lockedprogress:1": 0,
          "tasklogic:8": "AND",
          "repeattime:3": -1,
          "visibility:8": "NORMAL",
          "simultaneous:1": 0,
          "icon:10": {
            "id:8": "tfc:powder/sulfur",
            "Count:3": 1,
            "Damage:2": 0,
            "OreDict:8": ""
          },
          "globalshare:1": 0,
          "questlogic:8": "AND",
          "snd_update:8": "minecraft:entity.player.levelup",
          "autoclaim:1": 0,
          "repeat_relative:1": 1,
          "ismain:1": 0,
          "name:8": "Coal? Galic? Onion? Sulfur!",
          "desc:8": "No Description"
        }
      },
      "tasks:9": {
        "0:10": {
          "partialMatch:1": 1,
          "autoConsume:1": 0,
          "groupDetect:1": 0,
          "ignoreNBT:1": 0,
          "index:3": 0,
          "consume:1": 0,
          "requiredItems:9": {
            "0:10": {
              "id:8": "tfc:powder/sulfur",
              "Count:3": 10,
              "Damage:2": 0,
              "OreDict:8": ""
            }
          },
          "taskID:8": "bq_standard:retrieval"
        }
      },
      "rewards:9": {}
    },
    "20:10": {
      "questID:3": 20,
      "preRequisites:11": [
        14
      ],
      "properties:10": {
        "betterquesting:10": {
          "issilent:1": 0,
          "snd_complete:8": "minecraft:entity.player.levelup",
          "lockedprogress:1": 0,
          "tasklogic:8": "AND",
          "repeattime:3": -1,
          "visibility:8": "NORMAL",
          "simultaneous:1": 0,
          "icon:10": {
            "id:8": "tfc:powder/saltpeter",
            "Count:3": 1,
            "Damage:2": 0,
            "OreDict:8": ""
          },
          "globalshare:1": 0,
          "questlogic:8": "AND",
          "snd_update:8": "minecraft:entity.player.levelup",
          "autoclaim:1": 0,
          "repeat_relative:1": 1,
          "ismain:1": 0,
          "name:8": "Too many dirts",
          "desc:8": "No Description"
        }
      },
      "tasks:9": {
        "0:10": {
          "partialMatch:1": 1,
          "autoConsume:1": 0,
          "groupDetect:1": 0,
          "ignoreNBT:1": 0,
          "index:3": 0,
          "consume:1": 0,
          "requiredItems:9": {
            "0:10": {
              "id:8": "tfc:powder/saltpeter",
              "Count:3": 10,
              "Damage:2": 0,
              "OreDict:8": ""
            }
          },
          "taskID:8": "bq_standard:retrieval"
        }
      },
      "rewards:9": {}
    },
    "21:10": {
      "questID:3": 21,
      "preRequisites:11": [
        14
      ],
      "properties:10": {
        "betterquesting:10": {
          "issilent:1": 0,
          "snd_complete:8": "minecraft:entity.player.levelup",
          "lockedprogress:1": 0,
          "tasklogic:8": "AND",
          "repeattime:3": -1,
          "visibility:8": "NORMAL",
          "simultaneous:1": 0,
          "icon:10": {
            "id:8": "gravelores:coal_gravel_ore",
            "Count:3": 1,
            "Damage:2": 0,
            "OreDict:8": ""
          },
          "globalshare:1": 0,
          "questlogic:8": "AND",
          "snd_update:8": "minecraft:entity.player.levelup",
          "autoclaim:1": 0,
          "repeat_relative:1": 1,
          "ismain:1": 0,
          "name:8": "Gravel Coal",
          "desc:8": "No Description"
        }
      },
      "tasks:9": {
        "0:10": {
          "partialMatch:1": 1,
          "autoConsume:1": 0,
          "groupDetect:1": 0,
          "ignoreNBT:1": 0,
          "index:3": 0,
          "consume:1": 0,
          "requiredItems:9": {
            "0:10": {
              "id:8": "gravelores:coal_gravel_ore",
              "Count:3": 10,
              "Damage:2": 0,
              "OreDict:8": ""
            },
            "1:10": {
              "id:8": "prodigytech:coal_dust",
              "Count:3": 10,
              "Damage:2": 0,
              "OreDict:8": ""
            }
          },
          "taskID:8": "bq_standard:retrieval"
        }
      },
      "rewards:9": {}
    },
    "22:10": {
      "questID:3": 22,
      "preRequisites:11": [
        19,
        20
      ],
      "properties:10": {
        "betterquesting:10": {
          "issilent:1": 0,
          "snd_complete:8": "minecraft:entity.player.levelup",
          "lockedprogress:1": 0,
          "tasklogic:8": "AND",
          "repeattime:3": -1,
          "visibility:8": "NORMAL",
          "simultaneous:1": 0,
          "icon:10": {
            "id:8": "minecraft:tnt",
            "Count:3": 1,
            "Damage:2": 0,
            "OreDict:8": ""
          },
          "globalshare:1": 0,
          "questlogic:8": "AND",
          "snd_update:8": "minecraft:entity.player.levelup",
          "autoclaim:1": 0,
          "repeat_relative:1": 1,
          "ismain:1": 0,
          "name:8": "Explosion",
          "desc:8": "No Description"
        }
      },
      "tasks:9": {
        "0:10": {
          "partialMatch:1": 1,
          "autoConsume:1": 0,
          "groupDetect:1": 0,
          "ignoreNBT:1": 0,
          "index:3": 0,
          "consume:1": 0,
          "requiredItems:9": {
            "0:10": {
              "id:8": "immersiveengineering:wooden_device0",
              "Count:3": 5,
              "Damage:2": 4,
              "OreDict:8": ""
            },
            "1:10": {
              "id:8": "minecraft:tnt",
              "Count:3": 5,
              "Damage:2": 0,
              "OreDict:8": ""
            }
          },
          "taskID:8": "bq_standard:retrieval"
        }
      },
      "rewards:9": {}
    },
    "23:10": {
      "questID:3": 23,
      "preRequisites:11": [
        3
      ],
      "properties:10": {
        "betterquesting:10": {
          "issilent:1": 0,
          "snd_complete:8": "minecraft:entity.player.levelup",
          "lockedprogress:1": 0,
          "tasklogic:8": "AND",
          "repeattime:3": -1,
          "visibility:8": "NORMAL",
          "simultaneous:1": 0,
          "icon:10": {
            "id:8": "tfc:wood/barrel/acacia",
            "Count:3": 1,
            "Damage:2": 0,
            "OreDict:8": ""
          },
          "globalshare:1": 0,
          "questlogic:8": "AND",
          "snd_update:8": "minecraft:entity.player.levelup",
          "autoclaim:1": 0,
          "repeat_relative:1": 1,
          "ismain:1": 0,
          "name:8": "Double Barrel",
          "desc:8": "No Description"
        }
      },
      "tasks:9": {
        "0:10": {
          "partialMatch:1": 1,
          "autoConsume:1": 0,
          "groupDetect:1": 0,
          "ignoreNBT:1": 0,
          "index:3": 0,
          "consume:1": 1,
          "requiredItems:9": {
            "0:10": {
              "id:8": "tfc:wood/barrel/blackwood",
              "Count:3": 1,
              "Damage:2": 32767,
              "OreDict:8": ""
            }
          },
          "taskID:8": "bq_standard:retrieval"
        }
      },
      "rewards:9": {}
    },
    "24:10": {
      "questID:3": 24,
      "preRequisites:11": [
        22
      ],
      "properties:10": {
        "betterquesting:10": {
          "issilent:1": 0,
          "snd_complete:8": "minecraft:entity.player.levelup",
          "lockedprogress:1": 0,
          "tasklogic:8": "AND",
          "repeattime:3": -1,
          "visibility:8": "NORMAL",
          "simultaneous:1": 0,
          "icon:10": {
            "ForgeCaps:10": {
              "Parent:10": {
                "heat:5": 0.0,
                "ticks:4": -1,
                "forge:10": {
                  "work:3": 0,
                  "steps:10": {
                    "last:3": 0,
                    "third:3": 0,
                    "second:3": 0
                  }
                }
              }
            },
            "id:8": "tfc:metal/propick/copper",
            "Count:3": 1,
            "Damage:2": 0,
            "OreDict:8": ""
          },
          "globalshare:1": 0,
          "questlogic:8": "AND",
          "snd_update:8": "minecraft:entity.player.levelup",
          "autoclaim:1": 0,
          "repeat_relative:1": 1,
          "ismain:1": 0,
          "name:8": "Prospecter",
          "desc:8": "No Description"
        }
      },
      "tasks:9": {},
      "rewards:9": {}
    },
    "25:10": {
      "questID:3": 25,
      "preRequisites:11": [
        4
      ],
      "properties:10": {
        "betterquesting:10": {
          "issilent:1": 0,
          "snd_complete:8": "minecraft:entity.player.levelup",
          "lockedprogress:1": 0,
          "tasklogic:8": "AND",
          "repeattime:3": -1,
          "visibility:8": "NORMAL",
          "simultaneous:1": 0,
          "icon:10": {
            "id:8": "minecraft:coal",
            "Count:3": 1,
            "Damage:2": 1,
            "OreDict:8": ""
          },
          "globalshare:1": 0,
          "questlogic:8": "AND",
          "snd_update:8": "minecraft:entity.player.levelup",
          "autoclaim:1": 0,
          "repeat_relative:1": 1,
          "ismain:1": 0,
          "name:8": "Charcoal",
          "desc:8": "make charcoal with logs and torch"
        }
      },
      "tasks:9": {
        "0:10": {
          "partialMatch:1": 1,
          "autoConsume:1": 0,
          "groupDetect:1": 0,
          "ignoreNBT:1": 0,
          "index:3": 0,
          "consume:1": 0,
          "requiredItems:9": {
            "0:10": {
              "id:8": "minecraft:coal",
              "Count:3": 16,
              "Damage:2": 1,
              "OreDict:8": ""
            },
            "1:10": {
              "id:8": "minecraft:torch",
              "Count:3": 1,
              "Damage:2": 0,
              "OreDict:8": ""
            }
          },
          "taskID:8": "bq_standard:retrieval"
        }
      },
      "rewards:9": {}
    },
    "26:10": {
      "questID:3": 26,
      "preRequisites:11": [
        17
      ],
      "properties:10": {
        "betterquesting:10": {
          "issilent:1": 0,
          "snd_complete:8": "minecraft:entity.player.levelup",
          "lockedprogress:1": 0,
          "tasklogic:8": "AND",
          "repeattime:3": -1,
          "visibility:8": "NORMAL",
          "simultaneous:1": 0,
          "icon:10": {
            "id:8": "tfc:crucible",
            "Count:3": 1,
            "Damage:2": 0,
            "OreDict:8": ""
          },
          "globalshare:1": 0,
          "questlogic:8": "AND",
          "snd_update:8": "minecraft:entity.player.levelup",
          "autoclaim:1": 0,
          "repeat_relative:1": 1,
          "ismain:1": 0,
          "name:8": "New Quest",
          "desc:8": "No Description"
        }
      },
      "tasks:9": {},
      "rewards:9": {}
    },
    "27:10": {
      "questID:3": 27,
      "preRequisites:11": [
        25
      ],
      "properties:10": {
        "betterquesting:10": {
          "issilent:1": 0,
          "snd_complete:8": "minecraft:entity.player.levelup",
          "lockedprogress:1": 0,
          "tasklogic:8": "AND",
          "repeattime:3": -1,
          "visibility:8": "NORMAL",
          "simultaneous:1": 0,
          "icon:10": {
            "id:8": "tfc:charcoal_forge",
            "Count:3": 1,
            "Damage:2": 0,
            "OreDict:8": ""
          },
          "globalshare:1": 0,
          "questlogic:8": "AND",
          "snd_update:8": "minecraft:entity.player.levelup",
          "autoclaim:1": 0,
          "repeat_relative:1": 1,
          "ismain:1": 0,
          "name:8": "Charcoal forge",
          "desc:8": "No Description"
        }
      },
      "tasks:9": {
        "0:10": {
          "index:3": 0,
          "taskID:8": "bq_standard:checkbox"
        }
      },
      "rewards:9": {}
    },
    "28:10": {
      "questID:3": 28,
      "preRequisites:11": [
        5
      ],
      "properties:10": {
        "betterquesting:10": {
          "issilent:1": 0,
          "snd_complete:8": "minecraft:entity.player.levelup",
          "lockedprogress:1": 0,
          "tasklogic:8": "AND",
          "repeattime:3": -1,
          "visibility:8": "NORMAL",
          "simultaneous:1": 0,
          "icon:10": {
            "id:8": "mekanism:transmitter",
            "Count:3": 1,
            "tag:10": {
              "tier:3": 0
            },
            "Damage:2": 1,
            "OreDict:8": ""
          },
          "globalshare:1": 0,
          "questlogic:8": "AND",
          "snd_update:8": "minecraft:entity.player.levelup",
          "autoclaim:1": 0,
          "repeat_relative:1": 1,
          "ismain:1": 0,
          "name:8": "Mechanical Pipe",
          "desc:8": "No Description"
        }
      },
      "tasks:9": {
        "0:10": {
          "partialMatch:1": 1,
          "autoConsume:1": 0,
          "groupDetect:1": 0,
          "ignoreNBT:1": 0,
          "index:3": 0,
          "consume:1": 0,
          "requiredItems:9": {
            "0:10": {
              "id:8": "mekanism:transmitter",
              "Count:3": 10,
              "tag:10": {
                "tier:3": 0
              },
              "Damage:2": 1,
              "OreDict:8": ""
            }
          },
          "taskID:8": "bq_standard:retrieval"
        }
      },
      "rewards:9": {}
    },
    "29:10": {
      "questID:3": 29,
      "preRequisites:11": [
        30
      ],
      "properties:10": {
        "betterquesting:10": {
          "issilent:1": 0,
          "snd_complete:8": "minecraft:entity.player.levelup",
          "lockedprogress:1": 0,
          "tasklogic:8": "AND",
          "repeattime:3": -1,
          "visibility:8": "NORMAL",
          "simultaneous:1": 0,
          "icon:10": {
            "id:8": "tfc:bloomery",
            "Count:3": 1,
            "Damage:2": 0,
            "OreDict:8": ""
          },
          "globalshare:1": 0,
          "questlogic:8": "AND",
          "snd_update:8": "minecraft:entity.player.levelup",
          "autoclaim:1": 0,
          "repeat_relative:1": 1,
          "ismain:1": 0,
          "name:8": "New Quest",
          "desc:8": "No Description"
        }
      },
      "tasks:9": {},
      "rewards:9": {}
    },
    "30:10": {
      "questID:3": 30,
      "preRequisites:11": [
        26
      ],
      "properties:10": {
        "betterquesting:10": {
          "issilent:1": 0,
          "snd_complete:8": "minecraft:entity.player.levelup",
          "lockedprogress:1": 0,
          "tasklogic:8": "AND",
          "repeattime:3": -1,
          "visibility:8": "NORMAL",
          "simultaneous:1": 0,
          "icon:10": {
            "ForgeCaps:10": {
              "Parent:10": {
                "heat:5": 0.0,
                "ticks:4": -1,
                "forge:10": {
                  "work:3": 0,
                  "steps:10": {
                    "last:3": -1,
                    "third:3": -1,
                    "second:3": -1
                  }
                }
              }
            },
            "id:8": "tfc:metal/double_ingot/bronze",
            "Count:3": 1,
            "Damage:2": 0,
            "OreDict:8": "ingotDoubleAnyBronze"
          },
          "globalshare:1": 0,
          "questlogic:8": "AND",
          "snd_update:8": "minecraft:entity.player.levelup",
          "autoclaim:1": 0,
          "repeat_relative:1": 1,
          "ismain:1": 0,
          "name:8": "New Quest",
          "desc:8": "No Description"
        }
      },
      "tasks:9": {},
      "rewards:9": {}
    },
    "31:10": {
      "questID:3": 31,
      "preRequisites:11": [
        22
      ],
      "properties:10": {
        "betterquesting:10": {
          "issilent:1": 0,
          "snd_complete:8": "minecraft:entity.player.levelup",
          "lockedprogress:1": 0,
          "tasklogic:8": "AND",
          "repeattime:3": -1,
          "visibility:8": "NORMAL",
          "simultaneous:1": 0,
          "icon:10": {
            "id:8": "tfc:wood/support/acacia",
            "Count:3": 1,
            "Damage:2": 0,
            "OreDict:8": "support"
          },
          "globalshare:1": 0,
          "questlogic:8": "AND",
          "snd_update:8": "minecraft:entity.player.levelup",
          "autoclaim:1": 0,
          "repeat_relative:1": 1,
          "ismain:1": 0,
          "name:8": "Need Support",
          "desc:8": "No Description"
        }
      },
      "tasks:9": {
        "0:10": {
          "partialMatch:1": 1,
          "autoConsume:1": 0,
          "groupDetect:1": 0,
          "ignoreNBT:1": 0,
          "index:3": 0,
          "consume:1": 0,
          "requiredItems:9": {
            "0:10": {
              "id:8": "tfc:wood/support/acacia",
              "Count:3": 64,
              "Damage:2": 0,
              "OreDict:8": "support"
            }
          },
          "taskID:8": "bq_standard:retrieval"
        }
      },
      "rewards:9": {}
    },
    "32:10": {
      "questID:3": 32,
      "preRequisites:11": [
        16
      ],
      "properties:10": {
        "betterquesting:10": {
          "issilent:1": 0,
          "snd_complete:8": "minecraft:entity.player.levelup",
          "lockedprogress:1": 0,
          "tasklogic:8": "AND",
          "repeattime:3": -1,
          "visibility:8": "NORMAL",
          "simultaneous:1": 0,
          "icon:10": {
            "id:8": "hooked:hook",
            "Count:3": 1,
            "Damage:2": 0,
            "OreDict:8": ""
          },
          "globalshare:1": 0,
          "questlogic:8": "AND",
          "snd_update:8": "minecraft:entity.player.levelup",
          "autoclaim:1": 0,
          "repeat_relative:1": 1,
          "ismain:1": 0,
          "name:8": "Wooden hook",
          "desc:8": "No Description"
        }
      },
      "tasks:9": {
        "0:10": {
          "partialMatch:1": 1,
          "autoConsume:1": 0,
          "groupDetect:1": 0,
          "ignoreNBT:1": 0,
          "index:3": 0,
          "consume:1": 0,
          "requiredItems:9": {
            "0:10": {
              "id:8": "hooked:hook",
              "Count:3": 1,
              "Damage:2": 0,
              "OreDict:8": ""
            }
          },
          "taskID:8": "bq_standard:retrieval"
        }
      },
      "rewards:9": {}
    },
    "33:10": {
      "questID:3": 33,
      "preRequisites:11": [
        29
      ],
      "properties:10": {
        "betterquesting:10": {
          "issilent:1": 0,
          "snd_complete:8": "minecraft:entity.player.levelup",
          "lockedprogress:1": 0,
          "tasklogic:8": "AND",
          "repeattime:3": -1,
          "visibility:8": "NORMAL",
          "simultaneous:1": 0,
          "icon:10": {
            "ForgeCaps:10": {
              "tfc:item_forge:10": {
                "heat:5": 0.0,
                "ticks:4": -1,
                "forge:10": {
                  "work:3": 0,
                  "steps:10": {
                    "last:3": -1,
                    "third:3": -1,
                    "second:3": -1
                  }
                }
              },
              "Parent:10": {
                "heat:5": 0.0,
                "ticks:4": -1,
                "forge:10": {
                  "work:3": 0,
                  "steps:10": {
                    "last:3": -1,
                    "third:3": -1,
                    "second:3": -1
                  }
                }
              }
            },
            "id:8": "tfc:metal/ingot/wrought_iron",
            "Count:3": 1,
            "Damage:2": 0,
            "OreDict:8": ""
          },
          "globalshare:1": 0,
          "questlogic:8": "AND",
          "snd_update:8": "minecraft:entity.player.levelup",
          "autoclaim:1": 0,
          "repeat_relative:1": 1,
          "ismain:1": 0,
          "name:8": "New Quest",
          "desc:8": "No Description"
        }
      },
      "tasks:9": {},
      "rewards:9": {}
    },
    "34:10": {
      "questID:3": 34,
      "preRequisites:11": [],
      "properties:10": {
        "betterquesting:10": {
          "issilent:1": 0,
          "snd_complete:8": "minecraft:entity.player.levelup",
          "lockedprogress:1": 0,
          "tasklogic:8": "AND",
          "repeattime:3": -1,
          "visibility:8": "NORMAL",
          "simultaneous:1": 0,
          "icon:10": {
            "id:8": "tfc:blast_furnace",
            "Count:3": 1,
            "Damage:2": 0,
            "OreDict:8": ""
          },
          "globalshare:1": 0,
          "questlogic:8": "AND",
          "snd_update:8": "minecraft:entity.player.levelup",
          "autoclaim:1": 0,
          "repeat_relative:1": 1,
          "ismain:1": 0,
          "name:8": "New Quest",
          "desc:8": "No Description"
        }
      },
      "tasks:9": {},
      "rewards:9": {}
    },
    "35:10": {
      "questID:3": 35,
      "preRequisites:11": [
        26
      ],
      "properties:10": {
        "betterquesting:10": {
          "issilent:1": 0,
          "snd_complete:8": "minecraft:entity.player.levelup",
          "lockedprogress:1": 0,
          "tasklogic:8": "AND",
          "repeattime:3": -1,
          "visibility:8": "NORMAL",
          "simultaneous:1": 0,
          "icon:10": {
            "id:8": "tfc:bellows",
            "Count:3": 1,
            "Damage:2": 0,
            "OreDict:8": ""
          },
          "globalshare:1": 0,
          "questlogic:8": "AND",
          "snd_update:8": "minecraft:entity.player.levelup",
          "autoclaim:1": 0,
          "repeat_relative:1": 1,
          "ismain:1": 0,
          "name:8": "New Quest",
          "desc:8": "No Description"
        }
      },
      "tasks:9": {},
      "rewards:9": {}
    },
    "36:10": {
      "questID:3": 36,
      "preRequisites:11": [
        34
      ],
      "properties:10": {
        "betterquesting:10": {
          "issilent:1": 0,
          "snd_complete:8": "minecraft:entity.player.levelup",
          "lockedprogress:1": 0,
          "tasklogic:8": "AND",
          "repeattime:3": -1,
          "visibility:8": "NORMAL",
          "simultaneous:1": 0,
          "icon:10": {
            "ForgeCaps:10": {
              "Parent:10": {
                "heat:5": 0.0,
                "ticks:4": -1,
                "forge:10": {
                  "work:3": 0,
                  "steps:10": {
                    "last:3": -1,
                    "third:3": -1,
                    "second:3": -1
                  }
                }
              }
            },
            "id:8": "tfc:metal/tuyere/wrought_iron",
            "Count:3": 1,
            "Damage:2": 0,
            "OreDict:8": "tuyere"
          },
          "globalshare:1": 0,
          "questlogic:8": "AND",
          "snd_update:8": "minecraft:entity.player.levelup",
          "autoclaim:1": 0,
          "repeat_relative:1": 1,
          "ismain:1": 0,
          "name:8": "New Quest",
          "desc:8": "No Description"
        }
      },
      "tasks:9": {},
      "rewards:9": {}
    },
    "37:10": {
      "questID:3": 37,
      "preRequisites:11": [
        34
      ],
      "properties:10": {
        "betterquesting:10": {
          "issilent:1": 0,
          "snd_complete:8": "minecraft:entity.player.levelup",
          "lockedprogress:1": 0,
          "tasklogic:8": "AND",
          "repeattime:3": -1,
          "visibility:8": "NORMAL",
          "simultaneous:1": 0,
          "icon:10": {
            "ForgeCaps:10": {
              "tfc:item_forge:10": {
                "heat:5": 0.0,
                "ticks:4": -1,
                "forge:10": {
                  "work:3": 0,
                  "steps:10": {
                    "last:3": -1,
                    "third:3": -1,
                    "second:3": -1
                  }
                }
              },
              "Parent:10": {
                "heat:5": 0.0,
                "ticks:4": -1,
                "forge:10": {
                  "work:3": 0,
                  "steps:10": {
                    "last:3": -1,
                    "third:3": -1,
                    "second:3": -1
                  }
                }
              }
            },
            "id:8": "tfc:metal/ingot/steel",
            "Count:3": 1,
            "Damage:2": 0,
            "OreDict:8": ""
          },
          "globalshare:1": 0,
          "questlogic:8": "AND",
          "snd_update:8": "minecraft:entity.player.levelup",
          "autoclaim:1": 0,
          "repeat_relative:1": 1,
          "ismain:1": 1,
          "name:8": "New Quest",
          "desc:8": "No Description"
        }
      },
      "tasks:9": {},
      "rewards:9": {}
    },
    "38:10": {
      "questID:3": 38,
      "preRequisites:11": [
        33
      ],
      "properties:10": {
        "betterquesting:10": {
          "issilent:1": 0,
          "snd_complete:8": "minecraft:entity.player.levelup",
          "lockedprogress:1": 0,
          "tasklogic:8": "AND",
          "repeattime:3": -1,
          "visibility:8": "NORMAL",
          "simultaneous:1": 0,
          "icon:10": {
            "id:8": "immersiveengineering:metal_decoration0",
            "Count:3": 1,
            "Damage:2": 4,
            "OreDict:8": ""
          },
          "globalshare:1": 0,
          "questlogic:8": "AND",
          "snd_update:8": "minecraft:entity.player.levelup",
          "autoclaim:1": 0,
          "repeat_relative:1": 1,
          "ismain:1": 0,
          "name:8": "New Quest",
          "desc:8": "No Description"
        }
      },
      "tasks:9": {},
      "rewards:9": {}
    },
    "39:10": {
      "questID:3": 39,
      "preRequisites:11": [
        38
      ],
      "properties:10": {
        "betterquesting:10": {
          "issilent:1": 0,
          "snd_complete:8": "minecraft:entity.player.levelup",
          "lockedprogress:1": 0,
          "tasklogic:8": "AND",
          "repeattime:3": -1,
          "visibility:8": "NORMAL",
          "simultaneous:1": 0,
          "icon:10": {
            "id:8": "mystgears:redstone_dynamo",
            "Count:3": 1,
            "Damage:2": 0,
            "OreDict:8": ""
          },
          "globalshare:1": 0,
          "questlogic:8": "AND",
          "snd_update:8": "minecraft:entity.player.levelup",
          "autoclaim:1": 0,
          "repeat_relative:1": 1,
          "ismain:1": 0,
          "name:8": "New Quest",
          "desc:8": "No Description"
        }
      },
      "tasks:9": {},
      "rewards:9": {}
    },
    "40:10": {
      "questID:3": 40,
      "preRequisites:11": [
        39
      ],
      "properties:10": {
        "betterquesting:10": {
          "issilent:1": 0,
          "snd_complete:8": "minecraft:entity.player.levelup",
          "lockedprogress:1": 0,
          "tasklogic:8": "AND",
          "repeattime:3": -1,
          "visibility:8": "NORMAL",
          "simultaneous:1": 0,
          "icon:10": {
            "id:8": "immersiveengineering:metal_device1",
            "Count:3": 1,
            "Damage:2": 4,
            "OreDict:8": ""
          },
          "globalshare:1": 0,
          "questlogic:8": "AND",
          "snd_update:8": "minecraft:entity.player.levelup",
          "autoclaim:1": 0,
          "repeat_relative:1": 1,
          "ismain:1": 0,
          "name:8": "New Quest",
          "desc:8": "No Description"
        }
      },
      "tasks:9": {},
      "rewards:9": {}
    },
    "41:10": {
      "questID:3": 41,
      "preRequisites:11": [
        53,
        63
      ],
      "properties:10": {
        "betterquesting:10": {
          "issilent:1": 0,
          "snd_complete:8": "minecraft:entity.player.levelup",
          "lockedprogress:1": 0,
          "tasklogic:8": "AND",
          "repeattime:3": -1,
          "visibility:8": "NORMAL",
          "simultaneous:1": 0,
          "icon:10": {
            "id:8": "immersiveengineering:material",
            "Count:3": 1,
            "Damage:2": 27,
            "OreDict:8": ""
          },
          "globalshare:1": 0,
          "questlogic:8": "AND",
          "snd_update:8": "minecraft:entity.player.levelup",
          "autoclaim:1": 0,
          "repeat_relative:1": 1,
          "ismain:1": 0,
          "name:8": "New Quest",
          "desc:8": "No Description"
        }
      },
      "tasks:9": {},
      "rewards:9": {}
    },
    "42:10": {
      "questID:3": 42,
      "preRequisites:11": [],
      "properties:10": {
        "betterquesting:10": {
          "issilent:1": 0,
          "snd_complete:8": "minecraft:entity.player.levelup",
          "lockedprogress:1": 0,
          "tasklogic:8": "AND",
          "repeattime:3": -1,
          "visibility:8": "NORMAL",
          "simultaneous:1": 0,
          "icon:10": {
            "id:8": "minecraft:nether_star",
            "Count:3": 1,
            "Damage:2": 0,
            "OreDict:8": ""
          },
          "globalshare:1": 0,
          "questlogic:8": "AND",
          "snd_update:8": "minecraft:entity.player.levelup",
          "autoclaim:1": 0,
          "repeat_relative:1": 1,
          "ismain:1": 0,
          "name:8": "New Quest",
          "desc:8": "No Description"
        }
      },
      "tasks:9": {},
      "rewards:9": {}
    },
    "43:10": {
      "questID:3": 43,
      "preRequisites:11": [
        39
      ],
      "properties:10": {
        "betterquesting:10": {
          "issilent:1": 0,
          "snd_complete:8": "minecraft:entity.player.levelup",
          "lockedprogress:1": 0,
          "tasklogic:8": "AND",
          "repeattime:3": -1,
          "visibility:8": "NORMAL",
          "simultaneous:1": 0,
          "icon:10": {
            "id:8": "tfctech:induction_crucible",
            "Count:3": 1,
            "Damage:2": 0,
            "OreDict:8": ""
          },
          "globalshare:1": 0,
          "questlogic:8": "AND",
          "snd_update:8": "minecraft:entity.player.levelup",
          "autoclaim:1": 0,
          "repeat_relative:1": 1,
          "ismain:1": 0,
          "name:8": "New Quest",
          "desc:8": "No Description"
        }
      },
      "tasks:9": {},
      "rewards:9": {}
    },
    "44:10": {
      "questID:3": 44,
      "preRequisites:11": [],
      "properties:10": {
        "betterquesting:10": {
          "issilent:1": 0,
          "snd_complete:8": "minecraft:entity.player.levelup",
          "lockedprogress:1": 0,
          "tasklogic:8": "AND",
          "repeattime:3": -1,
          "visibility:8": "NORMAL",
          "simultaneous:1": 0,
          "icon:10": {
            "id:8": "minecraft:nether_star",
            "Count:3": 1,
            "Damage:2": 0,
            "OreDict:8": ""
          },
          "globalshare:1": 0,
          "questlogic:8": "AND",
          "snd_update:8": "minecraft:entity.player.levelup",
          "autoclaim:1": 0,
          "repeat_relative:1": 1,
          "ismain:1": 0,
          "name:8": "New Quest",
          "desc:8": "No Description"
        }
      },
      "tasks:9": {},
      "rewards:9": {}
    },
    "45:10": {
      "questID:3": 45,
      "preRequisites:11": [],
      "properties:10": {
        "betterquesting:10": {
          "issilent:1": 0,
          "snd_complete:8": "minecraft:entity.player.levelup",
          "lockedprogress:1": 0,
          "tasklogic:8": "AND",
          "repeattime:3": -1,
          "visibility:8": "NORMAL",
          "simultaneous:1": 0,
          "icon:10": {
            "id:8": "minecraft:nether_star",
            "Count:3": 1,
            "Damage:2": 0,
            "OreDict:8": ""
          },
          "globalshare:1": 0,
          "questlogic:8": "AND",
          "snd_update:8": "minecraft:entity.player.levelup",
          "autoclaim:1": 0,
          "repeat_relative:1": 1,
          "ismain:1": 0,
          "name:8": "New Quest",
          "desc:8": "No Description"
        }
      },
      "tasks:9": {},
      "rewards:9": {}
    },
    "46:10": {
      "questID:3": 46,
      "preRequisites:11": [
        48
      ],
      "properties:10": {
        "betterquesting:10": {
          "issilent:1": 0,
          "snd_complete:8": "minecraft:entity.player.levelup",
          "lockedprogress:1": 0,
          "tasklogic:8": "AND",
          "repeattime:3": -1,
          "visibility:8": "NORMAL",
          "simultaneous:1": 0,
          "icon:10": {
            "id:8": "prodigytech:tartaric_aeroheater",
            "Count:3": 1,
            "Damage:2": 0,
            "OreDict:8": ""
          },
          "globalshare:1": 0,
          "questlogic:8": "AND",
          "snd_update:8": "minecraft:entity.player.levelup",
          "autoclaim:1": 0,
          "repeat_relative:1": 1,
          "ismain:1": 0,
          "name:8": "New Quest",
          "desc:8": "No Description"
        }
      },
      "tasks:9": {},
      "rewards:9": {}
    },
    "47:10": {
      "questID:3": 47,
      "preRequisites:11": [
        48
      ],
      "properties:10": {
        "betterquesting:10": {
          "issilent:1": 0,
          "snd_complete:8": "minecraft:entity.player.levelup",
          "lockedprogress:1": 0,
          "tasklogic:8": "AND",
          "repeattime:3": -1,
          "visibility:8": "NORMAL",
          "simultaneous:1": 0,
          "icon:10": {
            "id:8": "immersiveengineering:wooden_device1",
            "Count:3": 1,
            "Damage:2": 1,
            "OreDict:8": ""
          },
          "globalshare:1": 0,
          "questlogic:8": "AND",
          "snd_update:8": "minecraft:entity.player.levelup",
          "autoclaim:1": 0,
          "repeat_relative:1": 1,
          "ismain:1": 0,
          "name:8": "New Quest",
          "desc:8": "No Description"
        }
      },
      "tasks:9": {},
      "rewards:9": {}
    },
    "48:10": {
      "questID:3": 48,
      "preRequisites:11": [
        30
      ],
      "properties:10": {
        "betterquesting:10": {
          "issilent:1": 0,
          "snd_complete:8": "minecraft:entity.player.levelup",
          "lockedprogress:1": 0,
          "tasklogic:8": "AND",
          "repeattime:3": -1,
          "visibility:8": "NORMAL",
          "simultaneous:1": 0,
          "icon:10": {
            "id:8": "mysticalmechanics:gearbox_frame",
            "Count:3": 1,
            "Damage:2": 0,
            "OreDict:8": ""
          },
          "globalshare:1": 0,
          "questlogic:8": "AND",
          "snd_update:8": "minecraft:entity.player.levelup",
          "autoclaim:1": 0,
          "repeat_relative:1": 1,
          "ismain:1": 0,
          "name:8": "New Quest",
          "desc:8": "No Description"
        }
      },
      "tasks:9": {},
      "rewards:9": {}
    },
    "49:10": {
      "questID:3": 49,
      "preRequisites:11": [],
      "properties:10": {
        "betterquesting:10": {
          "issilent:1": 0,
          "snd_complete:8": "minecraft:entity.player.levelup",
          "lockedprogress:1": 0,
          "tasklogic:8": "AND",
          "repeattime:3": -1,
          "visibility:8": "NORMAL",
          "simultaneous:1": 0,
          "icon:10": {
            "id:8": "minecraft:nether_star",
            "Count:3": 1,
            "Damage:2": 0,
            "OreDict:8": ""
          },
          "globalshare:1": 0,
          "questlogic:8": "AND",
          "snd_update:8": "minecraft:entity.player.levelup",
          "autoclaim:1": 0,
          "repeat_relative:1": 1,
          "ismain:1": 0,
          "name:8": "New Quest",
          "desc:8": "No Description"
        }
      },
      "tasks:9": {},
      "rewards:9": {}
    },
    "50:10": {
      "questID:3": 50,
      "preRequisites:11": [
        39
      ],
      "properties:10": {
        "betterquesting:10": {
          "issilent:1": 0,
          "snd_complete:8": "minecraft:entity.player.levelup",
          "lockedprogress:1": 0,
          "tasklogic:8": "AND",
          "repeattime:3": -1,
          "visibility:8": "NORMAL",
          "simultaneous:1": 0,
          "icon:10": {
            "id:8": "tfctech:electric_forge",
            "Count:3": 1,
            "Damage:2": 0,
            "OreDict:8": ""
          },
          "globalshare:1": 0,
          "questlogic:8": "AND",
          "snd_update:8": "minecraft:entity.player.levelup",
          "autoclaim:1": 0,
          "repeat_relative:1": 1,
          "ismain:1": 0,
          "name:8": "New Quest",
          "desc:8": "No Description"
        }
      },
      "tasks:9": {},
      "rewards:9": {}
    },
    "51:10": {
      "questID:3": 51,
      "preRequisites:11": [
        30
      ],
      "properties:10": {
        "betterquesting:10": {
          "issilent:1": 0,
          "snd_complete:8": "minecraft:entity.player.levelup",
          "lockedprogress:1": 0,
          "tasklogic:8": "AND",
          "repeattime:3": -1,
          "visibility:8": "NORMAL",
          "simultaneous:1": 0,
          "icon:10": {
            "id:8": "rustic:crushing_tub",
            "Count:3": 1,
            "Damage:2": 0,
            "OreDict:8": ""
          },
          "globalshare:1": 0,
          "questlogic:8": "AND",
          "snd_update:8": "minecraft:entity.player.levelup",
          "autoclaim:1": 0,
          "repeat_relative:1": 1,
          "ismain:1": 0,
          "name:8": "New Quest",
          "desc:8": "No Description"
        }
      },
      "tasks:9": {},
      "rewards:9": {}
    },
    "52:10": {
      "questID:3": 52,
      "preRequisites:11": [
        38
      ],
      "properties:10": {
        "betterquesting:10": {
          "issilent:1": 0,
          "snd_complete:8": "minecraft:entity.player.levelup",
          "lockedprogress:1": 0,
          "tasklogic:8": "AND",
          "repeattime:3": -1,
          "visibility:8": "NORMAL",
          "simultaneous:1": 0,
          "icon:10": {
            "id:8": "immersivepetroleum:schematic",
            "Count:3": 1,
            "tag:10": {
              "multiblock:8": "IE:Squeezer"
            },
            "Damage:2": 0,
            "OreDict:8": ""
          },
          "globalshare:1": 0,
          "questlogic:8": "AND",
          "snd_update:8": "minecraft:entity.player.levelup",
          "autoclaim:1": 0,
          "repeat_relative:1": 1,
          "ismain:1": 0,
          "name:8": "New Quest",
          "desc:8": "No Description"
        }
      },
      "tasks:9": {},
      "rewards:9": {}
    },
    "53:10": {
      "questID:3": 53,
      "preRequisites:11": [
        54
      ],
      "properties:10": {
        "betterquesting:10": {
          "issilent:1": 0,
          "snd_complete:8": "minecraft:entity.player.levelup",
          "lockedprogress:1": 0,
          "tasklogic:8": "AND",
          "repeattime:3": -1,
          "visibility:8": "NORMAL",
          "simultaneous:1": 0,
          "icon:10": {
            "id:8": "minecraft:glass",
            "Count:3": 1,
            "Damage:2": 0,
            "OreDict:8": ""
          },
          "globalshare:1": 0,
          "questlogic:8": "AND",
          "snd_update:8": "minecraft:entity.player.levelup",
          "autoclaim:1": 0,
          "repeat_relative:1": 1,
          "ismain:1": 0,
          "name:8": "New Quest",
          "desc:8": "No Description"
        }
      },
      "tasks:9": {},
      "rewards:9": {}
    },
    "54:10": {
      "questID:3": 54,
      "preRequisites:11": [
        33
      ],
      "properties:10": {
        "betterquesting:10": {
          "issilent:1": 0,
          "snd_complete:8": "minecraft:entity.player.levelup",
          "lockedprogress:1": 0,
          "tasklogic:8": "AND",
          "repeattime:3": -1,
          "visibility:8": "NORMAL",
          "simultaneous:1": 0,
          "icon:10": {
            "id:8": "tfctech:smeltery_cauldron",
            "Count:3": 1,
            "Damage:2": 0,
            "OreDict:8": ""
          },
          "globalshare:1": 0,
          "questlogic:8": "AND",
          "snd_update:8": "minecraft:entity.player.levelup",
          "autoclaim:1": 0,
          "repeat_relative:1": 1,
          "ismain:1": 0,
          "name:8": "New Quest",
          "desc:8": "No Description"
        }
      },
      "tasks:9": {},
      "rewards:9": {}
    },
    "55:10": {
      "questID:3": 55,
      "preRequisites:11": [],
      "properties:10": {
        "betterquesting:10": {
          "issilent:1": 0,
          "snd_complete:8": "minecraft:entity.player.levelup",
          "lockedprogress:1": 0,
          "tasklogic:8": "AND",
          "repeattime:3": -1,
          "visibility:8": "NORMAL",
          "simultaneous:1": 0,
          "icon:10": {
            "id:8": "minecraft:nether_star",
            "Count:3": 1,
            "Damage:2": 0,
            "OreDict:8": ""
          },
          "globalshare:1": 0,
          "questlogic:8": "AND",
          "snd_update:8": "minecraft:entity.player.levelup",
          "autoclaim:1": 0,
          "repeat_relative:1": 1,
          "ismain:1": 0,
          "name:8": "New Quest",
          "desc:8": "No Description"
        }
      },
      "tasks:9": {},
      "rewards:9": {}
    },
    "56:10": {
      "questID:3": 56,
      "preRequisites:11": [],
      "properties:10": {
        "betterquesting:10": {
          "issilent:1": 0,
          "snd_complete:8": "minecraft:entity.player.levelup",
          "lockedprogress:1": 0,
          "tasklogic:8": "AND",
          "repeattime:3": -1,
          "visibility:8": "NORMAL",
          "simultaneous:1": 0,
          "icon:10": {
            "id:8": "minecraft:nether_star",
            "Count:3": 1,
            "Damage:2": 0,
            "OreDict:8": ""
          },
          "globalshare:1": 0,
          "questlogic:8": "AND",
          "snd_update:8": "minecraft:entity.player.levelup",
          "autoclaim:1": 0,
          "repeat_relative:1": 1,
          "ismain:1": 0,
          "name:8": "New Quest",
          "desc:8": "No Description"
        }
      },
      "tasks:9": {},
      "rewards:9": {}
    },
    "57:10": {
      "questID:3": 58,
      "preRequisites:11": [
        33
      ],
      "properties:10": {
        "betterquesting:10": {
          "issilent:1": 0,
          "snd_complete:8": "minecraft:entity.player.levelup",
          "lockedprogress:1": 0,
          "tasklogic:8": "AND",
          "repeattime:3": -1,
          "visibility:8": "NORMAL",
          "simultaneous:1": 0,
          "icon:10": {
            "id:8": "tfctech:wire_draw_bench",
            "Count:3": 1,
            "Damage:2": 0,
            "OreDict:8": ""
          },
          "globalshare:1": 0,
          "questlogic:8": "AND",
          "snd_update:8": "minecraft:entity.player.levelup",
          "autoclaim:1": 0,
          "repeat_relative:1": 1,
          "ismain:1": 0,
          "name:8": "New Quest",
          "desc:8": "No Description"
        }
      },
      "tasks:9": {},
      "rewards:9": {}
    },
    "58:10": {
      "questID:3": 59,
      "preRequisites:11": [],
      "properties:10": {
        "betterquesting:10": {
          "issilent:1": 0,
          "snd_complete:8": "minecraft:entity.player.levelup",
          "lockedprogress:1": 0,
          "tasklogic:8": "AND",
          "repeattime:3": -1,
          "visibility:8": "NORMAL",
          "simultaneous:1": 0,
          "icon:10": {
            "id:8": "minerstoolbox:dynamite",
            "Count:3": 1,
            "Damage:2": 0,
            "OreDict:8": ""
          },
          "globalshare:1": 0,
          "questlogic:8": "AND",
          "snd_update:8": "minecraft:entity.player.levelup",
          "autoclaim:1": 0,
          "repeat_relative:1": 1,
          "ismain:1": 1,
          "name:8": "New Quest",
          "desc:8": "No Description"
        }
      },
      "tasks:9": {},
      "rewards:9": {}
    },
    "59:10": {
      "questID:3": 62,
      "preRequisites:11": [
        52
      ],
      "properties:10": {
        "betterquesting:10": {
          "issilent:1": 0,
          "snd_complete:8": "minecraft:entity.player.levelup",
          "lockedprogress:1": 0,
          "tasklogic:8": "AND",
          "repeattime:3": -1,
          "visibility:8": "NORMAL",
          "simultaneous:1": 0,
          "icon:10": {
            "id:8": "immersivetech:stone_multiblock",
            "Count:3": 1,
            "Damage:2": 0,
            "OreDict:8": ""
          },
          "globalshare:1": 0,
          "questlogic:8": "AND",
          "snd_update:8": "minecraft:entity.player.levelup",
          "autoclaim:1": 0,
          "repeat_relative:1": 1,
          "ismain:1": 0,
          "name:8": "New Quest",
          "desc:8": "No Description"
        }
      },
      "tasks:9": {},
      "rewards:9": {}
    },
    "60:10": {
      "questID:3": 63,
      "preRequisites:11": [
        58
      ],
      "properties:10": {
        "betterquesting:10": {
          "issilent:1": 0,
          "snd_complete:8": "minecraft:entity.player.levelup",
          "lockedprogress:1": 0,
          "tasklogic:8": "AND",
          "repeattime:3": -1,
          "visibility:8": "NORMAL",
          "simultaneous:1": 0,
          "icon:10": {
            "id:8": "immersiveengineering:wirecoil",
            "Count:3": 1,
            "Damage:2": 0,
            "OreDict:8": ""
          },
          "globalshare:1": 0,
          "questlogic:8": "AND",
          "snd_update:8": "minecraft:entity.player.levelup",
          "autoclaim:1": 0,
          "repeat_relative:1": 1,
          "ismain:1": 0,
          "name:8": "New Quest",
          "desc:8": "No Description"
        }
      },
      "tasks:9": {},
      "rewards:9": {}
    }
  },
  "questLines:9": {
    "0:10": {
      "quests:9": {
        "0:10": {
          "sizeX:3": 48,
          "x:3": -732,
          "y:3": -144,
          "id:3": 0,
          "sizeY:3": 48
        },
        "1:10": {
          "sizeX:3": 48,
          "x:3": -732,
          "y:3": -72,
          "id:3": 1,
          "sizeY:3": 48
        },
        "2:10": {
          "sizeX:3": 48,
          "x:3": -732,
          "y:3": 12,
          "id:3": 2,
          "sizeY:3": 48
        },
        "3:10": {
          "sizeX:3": 48,
          "x:3": -732,
          "y:3": 120,
          "id:3": 3,
          "sizeY:3": 48
        },
        "4:10": {
          "sizeX:3": 72,
          "x:3": -744,
          "y:3": -252,
          "id:3": 4,
          "sizeY:3": 72
        },
        "5:10": {
          "sizeX:3": 48,
          "x:3": -516,
          "y:3": -144,
          "id:3": 5,
          "sizeY:3": 48
        },
        "6:10": {
          "sizeX:3": 48,
          "x:3": -300,
          "y:3": 12,
          "id:3": 6,
          "sizeY:3": 48
        },
        "7:10": {
          "sizeX:3": 72,
          "x:3": -612,
          "y:3": 108,
          "id:3": 7,
          "sizeY:3": 72
        },
        "8:10": {
          "sizeX:3": 48,
          "x:3": -408,
          "y:3": -144,
          "id:3": 8,
          "sizeY:3": 48
        },
        "9:10": {
          "sizeX:3": 48,
          "x:3": -408,
          "y:3": 12,
          "id:3": 10,
          "sizeY:3": 48
        },
        "10:10": {
          "sizeX:3": 48,
          "x:3": -192,
          "y:3": 12,
          "id:3": 11,
          "sizeY:3": 48
        },
        "11:10": {
          "sizeX:3": 48,
          "x:3": -300,
          "y:3": 120,
          "id:3": 12,
          "sizeY:3": 48
        },
        "12:10": {
          "sizeX:3": 48,
          "x:3": -192,
          "y:3": 120,
          "id:3": 13,
          "sizeY:3": 48
        },
        "13:10": {
          "sizeX:3": 48,
          "x:3": -192,
          "y:3": -240,
          "id:3": 14,
          "sizeY:3": 48
        },
        "14:10": {
          "sizeX:3": 48,
          "x:3": -408,
          "y:3": 72,
          "id:3": 15,
          "sizeY:3": 48
        },
        "15:10": {
          "sizeX:3": 48,
          "x:3": -300,
          "y:3": -144,
          "id:3": 16,
          "sizeY:3": 48
        },
        "16:10": {
          "sizeX:3": 168,
          "x:3": -84,
          "y:3": 96,
          "id:3": 18,
          "sizeY:3": 84
        },
        "17:10": {
          "sizeX:3": 48,
          "x:3": 36,
          "y:3": -132,
          "id:3": 19,
          "sizeY:3": 48
        },
        "18:10": {
          "sizeX:3": 48,
          "x:3": -84,
          "y:3": -132,
          "id:3": 20,
          "sizeY:3": 48
        },
        "19:10": {
          "sizeX:3": 48,
          "x:3": 36,
          "y:3": -240,
          "id:3": 21,
          "sizeY:3": 48
        },
        "20:10": {
          "sizeX:3": 48,
          "x:3": -24,
          "y:3": -60,
          "id:3": 22,
          "sizeY:3": 48
        },
        "21:10": {
          "sizeX:3": 48,
          "x:3": -600,
          "y:3": 12,
          "id:3": 23,
          "sizeY:3": 48
        },
        "22:10": {
          "sizeX:3": 48,
          "x:3": -84,
          "y:3": 12,
          "id:3": 24,
          "sizeY:3": 48
        },
        "23:10": {
          "sizeX:3": 48,
          "x:3": -624,
          "y:3": -240,
          "id:3": 25,
          "sizeY:3": 48
        },
        "24:10": {
          "sizeX:3": 48,
          "x:3": -516,
          "y:3": -240,
          "id:3": 27,
          "sizeY:3": 48
        },
        "25:10": {
          "sizeX:3": 48,
          "x:3": -408,
          "y:3": -240,
          "id:3": 28,
          "sizeY:3": 48
        },
        "26:10": {
          "sizeX:3": 48,
          "x:3": 36,
          "y:3": 12,
          "id:3": 31,
          "sizeY:3": 48
        },
        "27:10": {
          "sizeX:3": 48,
          "x:3": -408,
          "y:3": -72,
          "id:3": 32,
          "sizeY:3": 48
        }
      },
      "lineID:3": 0,
      "properties:10": {
        "betterquesting:10": {
          "visibility:8": "NORMAL",
          "name:8": "Tier1",
          "icon:10": {
            "id:8": "rustichromia:gear_wood",
            "Count:3": 1,
            "Damage:2": 0,
            "OreDict:8": ""
          },
          "bg_image:8": "",
          "bg_size:3": 256,
          "desc:8": "No Description"
        }
      },
      "order:3": 0
    },
    "1:10": {
      "quests:9": {
        "0:10": {
          "sizeX:3": 60,
          "x:3": -192,
          "y:3": -12,
          "id:3": 17,
          "sizeY:3": 60
        },
        "1:10": {
          "sizeX:3": 36,
          "x:3": -108,
          "y:3": 0,
          "id:3": 26,
          "sizeY:3": 36
        },
        "2:10": {
          "sizeX:3": 36,
          "x:3": -36,
          "y:3": 72,
          "id:3": 29,
          "sizeY:3": 36
        },
        "3:10": {
          "sizeX:3": 36,
          "x:3": -108,
          "y:3": 72,
          "id:3": 30,
          "sizeY:3": 36
        },
        "4:10": {
          "sizeX:3": 36,
          "x:3": 36,
          "y:3": 144,
          "id:3": 33,
          "sizeY:3": 36
        },
        "5:10": {
          "sizeX:3": 36,
          "x:3": 240,
          "y:3": 216,
          "id:3": 34,
          "sizeY:3": 36
        },
        "6:10": {
          "sizeX:3": 36,
          "x:3": -36,
          "y:3": 0,
          "id:3": 35,
          "sizeY:3": 36
        },
        "7:10": {
          "sizeX:3": 36,
          "x:3": 312,
          "y:3": 216,
          "id:3": 36,
          "sizeY:3": 36
        },
        "8:10": {
          "sizeX:3": 60,
          "x:3": 300,
          "y:3": 276,
          "id:3": 37,
          "sizeY:3": 60
        },
        "9:10": {
          "sizeX:3": 36,
          "x:3": -36,
          "y:3": 144,
          "id:3": 38,
          "sizeY:3": 36
        },
        "10:10": {
          "sizeX:3": 36,
          "x:3": 36,
          "y:3": 216,
          "id:3": 39,
          "sizeY:3": 36
        },
        "11:10": {
          "sizeX:3": 36,
          "x:3": 36,
          "y:3": 288,
          "id:3": 40,
          "sizeY:3": 36
        },
        "12:10": {
          "sizeX:3": 36,
          "x:3": 108,
          "y:3": 0,
          "id:3": 41,
          "sizeY:3": 36
        },
        "13:10": {
          "sizeX:3": 36,
          "x:3": 180,
          "y:3": 0,
          "id:3": 42,
          "sizeY:3": 36
        },
        "14:10": {
          "sizeX:3": 36,
          "x:3": 108,
          "y:3": 288,
          "id:3": 43,
          "sizeY:3": 36
        },
        "15:10": {
          "sizeX:3": 36,
          "x:3": 180,
          "y:3": 72,
          "id:3": 44,
          "sizeY:3": 36
        },
        "16:10": {
          "sizeX:3": 36,
          "x:3": 240,
          "y:3": 0,
          "id:3": 45,
          "sizeY:3": 36
        },
        "17:10": {
          "sizeX:3": 36,
          "x:3": -180,
          "y:3": 144,
          "id:3": 46,
          "sizeY:3": 36
        },
        "18:10": {
          "sizeX:3": 36,
          "x:3": -240,
          "y:3": 144,
          "id:3": 47,
          "sizeY:3": 36
        },
        "19:10": {
          "sizeX:3": 36,
          "x:3": -180,
          "y:3": 72,
          "id:3": 48,
          "sizeY:3": 36
        },
        "20:10": {
          "sizeX:3": 36,
          "x:3": 252,
          "y:3": 72,
          "id:3": 49,
          "sizeY:3": 36
        },
        "21:10": {
          "sizeX:3": 36,
          "x:3": 108,
          "y:3": 216,
          "id:3": 50,
          "sizeY:3": 36
        },
        "22:10": {
          "sizeX:3": 36,
          "x:3": -108,
          "y:3": 144,
          "id:3": 51,
          "sizeY:3": 36
        },
        "23:10": {
          "sizeX:3": 36,
          "x:3": -36,
          "y:3": 216,
          "id:3": 52,
          "sizeY:3": 36
        },
        "24:10": {
          "sizeX:3": 36,
          "x:3": 108,
          "y:3": 72,
          "id:3": 53,
          "sizeY:3": 36
        },
        "25:10": {
          "sizeX:3": 36,
          "x:3": 108,
          "y:3": 144,
          "id:3": 54,
          "sizeY:3": 36
        },
        "26:10": {
          "sizeX:3": 36,
          "x:3": 252,
          "y:3": 156,
          "id:3": 55,
          "sizeY:3": 36
        },
        "27:10": {
          "sizeX:3": 36,
          "x:3": -108,
          "y:3": 288,
          "id:3": 56,
          "sizeY:3": 36
        },
        "28:10": {
          "sizeX:3": 36,
          "x:3": 36,
          "y:3": 72,
          "id:3": 58,
          "sizeY:3": 36
        },
        "29:10": {
          "sizeX:3": 60,
          "x:3": 300,
          "y:3": -12,
          "id:3": 59,
          "sizeY:3": 60
        },
        "30:10": {
          "sizeX:3": 36,
          "x:3": -36,
          "y:3": 288,
          "id:3": 62,
          "sizeY:3": 36
        },
        "31:10": {
          "sizeX:3": 36,
          "x:3": 36,
          "y:3": 0,
          "id:3": 63,
          "sizeY:3": 36
        }
      },
      "lineID:3": 1,
      "properties:10": {
        "betterquesting:10": {
          "visibility:8": "NORMAL",
          "name:8": "Tier2",
          "icon:10": {
            "id:8": "mysticalmechanics:gear_iron",
            "Count:3": 1,
            "Damage:2": 0,
            "OreDict:8": ""
          },
          "bg_image:8": "",
          "bg_size:3": 256,
          "desc:8": "No Description"
        }
      },
      "order:3": 1
    }
  },
  "questSettings:10": {
    "betterquesting:10": {
      "livesdef:3": 3,
      "pack_name:8": "",
      "home_anchor_y:5": 0.0,
      "livesmax:3": 10,
      "home_anchor_x:5": 0.5,
      "editmode:1": 1,
      "hardcore:1": 0,
      "home_image:8": "betterquesting:textures/gui/default_title.png",
      "party_enable:1": 1,
      "pack_version:3": 0,
      "home_offset_x:3": -128,
      "home_offset_y:3": 0
    }
  }
}