{
  "minecraft:recipes/combat/bow": {
    "criteria": {
      "has_string": "2020-02-24 22:10:20 +0900"
    },
    "done": true
  },
  "enderioconduits:root": {
    "criteria": {
      "inv_changed-enderio:clay": "2020-02-25 00:09:53 +0900",
      "inv_changed-enderio:sand": "2020-02-25 00:10:01 +0900"
    },
    "done": false
  },
  "minecraft:recipes/decorations/ladder": {
    "criteria": {
      "has_stick": "2020-02-24 22:30:06 +0900"
    },
    "done": true
  },
  "minecraft:adventure/root": {
    "criteria": {
      "killed_something": "2020-02-24 22:12:22 +0900"
    },
    "done": true
  },
  "immersiveengineering:main/root": {
    "criteria": {
      "hold_manual": "2020-02-24 22:40:56 +0900"
    },
    "done": true
  },
  "minecraft:recipes/building_blocks/clay": {
    "criteria": {
      "has_clay_ball": "2020-02-25 00:09:53 +0900"
    },
    "done": true
  }
}