{"stat.mineBlock.tfc.clay_grass/andesite":11,"stat.useItem.tfc.stone/knife/igneous_extrusive":16,"stat.useItem.tfc.food/rice_bread":1,"stat.pickup.tfc.metal/shovel/copper":1,"stat.leaveGame":4,"stat.pickup.dynamictreestfc.seed/hevea":19,"stat.drop.tfctech.powder/ash":20,"stat.useItem.tfc.thatch":5,"stat.pickup.minecraft.flint":8,"stat.pickup.dynamictreestfc.seed/sequoia":4,"stat.mineBlock.gravelores.coal_gravel_ore":13,"stat.pickup.immersiveengineering.wooden_device0":27,"stat.drop.tfc.ore/native_copper":16,"stat.craftItem.tfc.stone/axe/igneous_extrusive":1,"stat.useItem.tfc.stone/shovel/igneous_intrusive":70,"stat.useItem.tfc.stone/axe/igneous_extrusive":5,"stat.pickup.tfc.bellows":1,"stat.drop.rustichromia.dust_wood":64,"stat.swimOneCm":15517,"stat.climbOneCm":8444,"stat.pickup.tfc.firestarter":1,"stat.drop.minecraft.feather":1,"stat.useItem.minecraft.stone_slab2":62,"stat.mineBlock.tfc.plants/allium":1,"stat.mineBlock.tfc.plants/switchgrass":6,"stat.useItem.minecraft.water_bucket":1,"stat.pickup.tfc.stone/knife/igneous_extrusive":1,"stat.pickup.tfc.ceramics/fired/vessel":1,"stat.drop.tfc.wood/log/hevea":16,"stat.mineBlock.tfc.gravel/andesite":15,"stat.drop.theoneprobe.probenote":1,"stat.useItem.tfc.metal/pick/copper":6,"stat.drop.tfc.straw":3,"stat.pickup.tfc.raw/andesite":3,"stat.craftItem.tfc.thatch":6,"stat.flyOneCm":211461,"stat.pickup.minecraft.glass_bottle":6,"stat.pickup.tfctech.metal/bismuth_bronze_wire":1,"stat.pickup.tfc.rock/phyllite":185,"stat.pickup.prodigytech.wormhole_funnel":1,"stat.mineBlock.tfc.grass/andesite":35,"stat.timeSinceDeath":91048,"stat.mineBlock.tfc.plants/foxglove":1,"stat.pickup.tfc.stone/axe/igneous_intrusive":1,"stat.useItem.tfc.gravel/andesite":2,"stat.drop.dynamictreestfc.seed/hevea":9,"stat.useItem.rustic.elixir":1,"stat.drop.minecraft.coal":26,"stat.mineBlock.tfc.ore/native_copper/andesite":1,"stat.pickup.minecraft.wooden_axe":1,"stat.drop.tfctech.powder/lime":63,"stat.pickup.alternatingflux.material":1,"stat.drop.tfc.dirt/andesite":2,"stat.pickup.tfc.ore/tetrahedrite":16,"stat.pickup.tfc.wood/log/acacia":13,"stat.pickup.tfc.metal/propick/copper":1,"stat.mineBlock.tfc.dirt/andesite":51,"stat.useItem.tfc.metal/propick/copper":102,"stat.pickup.tfc.gem/topaz":2,"stat.mineBlock.minecraft.ladder":1,"stat.craftItem.tfctech.ceramics/fluid_bowl":1,"stat.drop.tfctech.fridge":1,"stat.drop.tfc.firestarter":1,"stat.sprintOneCm":143774,"stat.useItem.rustic.wildberries":1,"stat.pickup.immersiveengineering.tool":1,"stat.pickup.tfc.plants/rough_horsetail":1,"stat.useItem.enderio.item_yeta_wrench":2,"stat.pickup.tfc.cobble/andesite":1,"stat.useItem.minecraft.flint_and_steel":10,"stat.drop.tfc.metal/pick/black_steel":1,"stat.craftItem.tfctech.powder/potash":1,"stat.drop.dynamictreestfc.seed/sequoia":4,"stat.drop.dynamictreestfc.seed/oak":4,"stat.pickup.tfc.raw/phyllite":3,"stat.mineBlock.tfc.raw/andesite":2,"stat.mineBlock.tfc.bellows":1,"stat.drop.tfc.rock/claystone":62,"stat.deaths":1,"stat.drop":104,"stat.playOneMinute":380485,"stat.mineBlock.tfctech.smeltery_firebox":2,"stat.craftItem.tfc.stone/knife/igneous_extrusive":1,"stat.pickup.tfc.rock/andesite":187,"stat.useItem.immersiveengineering.wooden_device0":10,"stat.pickup.enderio.item_liquid_conduit":2,"stat.useItem.minecraft.ladder":37,"stat.mineBlock.tfctech.smeltery_cauldron":1,"stat.drop.minecraft.torch":1,"stat.diveOneCm":2784,"stat.pickup.tfc.wood/log/sequoia":17,"stat.mineBlock.immersiveengineering.metal_device1":12,"stat.drop.tfc.ore/bituminous_coal":21,"stat.useItem.tfc.stone/axe/igneous_intrusive":1,"stat.mineBlock.tfc.cobble/andesite":1,"stat.useItem.immersiveengineering.tool":1,"stat.pickup.tfc.goldpan":1,"stat.pickup.tfc.ore/bituminous_coal":21,"stat.useItem.tfc.stone/knife/igneous_intrusive":60,"stat.useItem.minecraft.potion":5,"stat.pickup.tfc.wood/log/oak":1,"stat.drop.tfc.rock/andesite":1,"stat.useItem.immersiveengineering.stone_decoration":29,"stat.drop.immersiveengineering.metal_device1":32,"stat.jump":1637,"stat.useItem.tfc.dirt/andesite":42,"stat.pickup.minecraft.coal":49,"stat.fallOneCm":43275,"stat.pickup.tfc.sluice":1,"stat.pickup.tfctech.smeltery_firebox":2,"stat.craftItem.tfc.wood/workbench/blackwood":1,"stat.pickup.dynamictreestfc.seed/oak":10,"stat.crouchOneCm":8259,"stat.useItem.tfc.raw/limestone":13,"stat.pickup.appliedenergistics2.facade":1,"stat.pickup.minecraft.melon":54,"stat.craftingTableInteraction":8,"stat.pickup.tfc.straw":49,"stat.pickup.tfc.wood/log/douglas_fir":12,"stat.pickup.tfc.gem/sapphire":1,"stat.pickup.tfc.ore/small/native_copper":4,"stat.damageTaken":821,"stat.pickup.minecraft.feather":1,"stat.useItem.tfctech.smeltery_firebox":4,"stat.pickup.waterflasks.iron_flask":1,"stat.mineBlock.minecraft.torch":1,"stat.useItem.enderio.item_liquid_conduit":4,"stat.useItem.tfc.cobble/andesite":14,"stat.pickup.immersiveengineering.stone_decoration":1,"stat.drop.betterquesting.guide_book":1,"stat.useItem.tfctech.smeltery_cauldron":3,"stat.mineBlock.tfc.wood/log/acacia":3,"stat.useItem.forge.bucketfilled":1,"stat.drop.tfctech.electric_forge":1,"stat.drop.tfc.food/chicken":1,"stat.pickup.tfc.wood/log/hevea":52,"stat.damageDealt":113,"stat.useItem.immersiveengineering.metal_device1":12,"stat.drop.appliedenergistics2.facade":1,"stat.craftItem.tfc.firestarter":2,"stat.drop.tfctech.powder/potash":64,"stat.drop.minecraft.stick":27,"stat.pickup.minecraft.flint_and_steel":1,"stat.walkOneCm":227637,"stat.useItem.minecraft.torch":12,"stat.useItem.tfc.firestarter":16,"stat.pickup.minecraft.stick":57,"stat.drop.tfctech.smeltery_cauldron":8,"stat.pickup.minecraft.clay_ball":83,"stat.useItem.minecraft.tnt":77,"stat.pickup.tfc.ore/native_copper":18,"stat.craftItem.tfc.cobble/andesite":16,"stat.pickup.questbook.itemquestbook":2,"stat.pickup.tfc.gravel/andesite":16,"stat.drop.enderio.item_yeta_wrench":1,"stat.useItem.rustichromia.hopper_wood":1,"stat.pickup.tfc.dirt/andesite":130,"stat.drop.tfctech.wire_draw_bench":1,"stat.useItem.minecraft.melon":14,"stat.pickup.tfctech.powder/ash":19,"stat.pickup.rustichromia.gin":1,"stat.pickup.tfc.ceramics/unfired/bowl":1,"stat.useItem.tfc.wood/log/acacia":3,"stat.pickup.minecraft.tnt":56,"stat.drop.tfctech.smeltery_firebox":7,"stat.mineBlock.tfc.plants/scutch_grass":69,"stat.craftItem.tfctech.pot_ash":1,"stat.drop.tfc.ceramics/unfired/bowl":1,"stat.drop.tfctech.ceramics/fluid_bowl":1,"stat.pickup.tfctech.smeltery_cauldron":1,"stat.pickup.minecraft.ladder":31,"stat.drop.tfc.gravel/andesite":13,"stat.drop.tfctech.metal/black_steel_blowpipe":1,"stat.mineBlock.minecraft.tnt":2,"stat.drop.tfctech.ceramics/mold/glass_block":1,"stat.drop.enderio.item_liquid_conduit":62,"stat.mineBlock.tfc.plants/moss":4,"stat.useItem.tfc.metal/pick/black_steel":21,"stat.useItem.tfc.goldpan":339,"stat.useItem.tfc.metal/shovel/copper":3,"stat.mobKills":1,"stat.useItem.tfc.stone/shovel/sedimentary":51,"stat.killEntity.wolftfc":1,"stat.pickup.tfc.food/chicken":1,"stat.pickup.tfc.stone/axe/igneous_extrusive":1,"stat.pickup.immersiveengineering.metal_device1":12,"stat.pickup.minecraft.torch":7,"stat.useItem.prodigytech.wormhole_linker":16,"stat.sneakTime":4372,"stat.mineBlock.tfc.charcoal_forge":1,"stat.mineBlock.immersiveengineering.stone_decoration":2,"stat.pickup.tfc.ore/small/tetrahedrite":4}