{
  "build:8": "3.5.323",
  "format:8": "2.0.0",
  "questDatabase:9": {
    "0:10": {
      "questID:3": 0,
      "preRequisites:11": [],
      "properties:10": {
        "betterquesting:10": {
          "issilent:1": 0,
          "snd_complete:8": "minecraft:entity.player.levelup",
          "lockedprogress:1": 0,
          "tasklogic:8": "AND",
          "repeattime:3": -1,
          "visibility:8": "NORMAL",
          "simultaneous:1": 0,
          "icon:10": {
            "id:8": "minecraft:clay_ball",
            "Count:3": 1,
            "Damage:2": 0,
            "OreDict:8": ""
          },
          "globalshare:1": 0,
          "questlogic:8": "AND",
          "snd_update:8": "minecraft:entity.player.levelup",
          "autoclaim:1": 0,
          "repeat_relative:1": 1,
          "ismain:1": 0,
          "name:8": "Clay",
          "desc:8": "No Description"
        }
      },
      "tasks:9": {
        "0:10": {
          "partialMatch:1": 1,
          "autoConsume:1": 0,
          "groupDetect:1": 0,
          "ignoreNBT:1": 0,
          "index:3": 0,
          "consume:1": 0,
          "requiredItems:9": {
            "0:10": {
              "id:8": "minecraft:clay_ball",
              "Count:3": 10,
              "Damage:2": 0,
              "OreDict:8": "clay"
            }
          },
          "taskID:8": "bq_standard:retrieval"
        }
      },
      "rewards:9": {}
    },
    "1:10": {
      "questID:3": 1,
      "preRequisites:11": [
        0
      ],
      "properties:10": {
        "betterquesting:10": {
          "issilent:1": 0,
          "snd_complete:8": "minecraft:entity.player.levelup",
          "lockedprogress:1": 0,
          "tasklogic:8": "AND",
          "repeattime:3": -1,
          "visibility:8": "NORMAL",
          "simultaneous:1": 0,
          "icon:10": {
            "id:8": "tfc:goldpan",
            "Count:3": 1,
            "Damage:2": 0,
            "OreDict:8": ""
          },
          "globalshare:1": 0,
          "questlogic:8": "AND",
          "snd_update:8": "minecraft:entity.player.levelup",
          "autoclaim:1": 0,
          "repeat_relative:1": 1,
          "ismain:1": 0,
          "name:8": "Clay tools",
          "desc:8": "No Description"
        }
      },
      "tasks:9": {
        "0:10": {
          "partialMatch:1": 1,
          "autoConsume:1": 0,
          "groupDetect:1": 0,
          "ignoreNBT:1": 0,
          "index:3": 0,
          "consume:1": 0,
          "requiredItems:9": {
            "0:10": {
              "id:8": "tfc:goldpan",
              "Count:3": 1,
              "Damage:2": 0,
              "OreDict:8": ""
            },
            "1:10": {
              "ForgeCaps:10": {
                "Parent:10": {
                  "heat:5": 0.0,
                  "fluidMode:1": 0,
                  "ticks:4": -1,
                  "items:10": {
                    "Size:3": 4,
                    "Items:9": {}
                  }
                }
              },
              "id:8": "tfc:ceramics/fired/vessel",
              "Count:3": 1,
              "Damage:2": 0,
              "OreDict:8": ""
            },
            "2:10": {
              "id:8": "tfc:ceramics/fired/jug",
              "Count:3": 1,
              "Damage:2": 0,
              "OreDict:8": ""
            }
          },
          "taskID:8": "bq_standard:retrieval"
        }
      },
      "rewards:9": {
        "0:10": {
          "rewardID:8": "bq_standard:item",
          "index:3": 0,
          "rewards:9": {
            "0:10": {
              "ForgeCaps:10": {
                "Parent:10": {
                  "heat:5": 0.0,
                  "ticks:4": -1
                }
              },
              "id:8": "tfc:ore/small/native_copper",
              "Count:3": 5,
              "Damage:2": 0,
              "OreDict:8": ""
            }
          }
        }
      }
    },
    "2:10": {
      "questID:3": 2,
      "preRequisites:11": [
        1
      ],
      "properties:10": {
        "betterquesting:10": {
          "issilent:1": 0,
          "snd_complete:8": "minecraft:entity.player.levelup",
          "lockedprogress:1": 0,
          "tasklogic:8": "AND",
          "repeattime:3": -1,
          "visibility:8": "NORMAL",
          "simultaneous:1": 0,
          "icon:10": {
            "ForgeCaps:10": {
              "Parent:10": {
                "heat:5": 0.0,
                "ticks:4": -1
              }
            },
            "id:8": "tfc:ore/small/native_copper",
            "Count:3": 1,
            "Damage:2": 0,
            "OreDict:8": "oreCopperSmall"
          },
          "globalshare:1": 0,
          "questlogic:8": "AND",
          "snd_update:8": "minecraft:entity.player.levelup",
          "autoclaim:1": 0,
          "repeat_relative:1": 1,
          "ismain:1": 0,
          "name:8": "First Metal",
          "desc:8": "No Description"
        }
      },
      "tasks:9": {
        "0:10": {
          "partialMatch:1": 1,
          "autoConsume:1": 0,
          "groupDetect:1": 0,
          "ignoreNBT:1": 0,
          "index:3": 0,
          "consume:1": 0,
          "requiredItems:9": {
            "0:10": {
              "ForgeCaps:10": {
                "Parent:10": {
                  "heat:5": 0.0,
                  "ticks:4": -1
                }
              },
              "id:8": "tfc:ore/small/native_copper",
              "Count:3": 10,
              "Damage:2": 0,
              "OreDict:8": "oreCopperSmall"
            }
          },
          "taskID:8": "bq_standard:retrieval"
        }
      },
      "rewards:9": {
        "0:10": {
          "rewardID:8": "bq_standard:item",
          "index:3": 0,
          "rewards:9": {
            "0:10": {
              "ForgeCaps:10": {
                "Parent:10": {
                  "heat:5": 0.0,
                  "ticks:4": -1
                }
              },
              "id:8": "tfc:ore/small/native_copper",
              "Count:3": 30,
              "Damage:2": 0,
              "OreDict:8": ""
            }
          }
        }
      }
    },
    "3:10": {
      "questID:3": 3,
      "preRequisites:11": [],
      "properties:10": {
        "betterquesting:10": {
          "issilent:1": 0,
          "snd_complete:8": "minecraft:entity.player.levelup",
          "lockedprogress:1": 0,
          "tasklogic:8": "AND",
          "repeattime:3": -1,
          "visibility:8": "NORMAL",
          "simultaneous:1": 0,
          "icon:10": {
            "id:8": "tfc:wood/log/spruce",
            "Count:3": 1,
            "Damage:2": 0,
            "OreDict:8": ""
          },
          "globalshare:1": 0,
          "questlogic:8": "AND",
          "snd_update:8": "minecraft:entity.player.levelup",
          "autoclaim:1": 0,
          "repeat_relative:1": 1,
          "ismain:1": 0,
          "name:8": "Wood",
          "desc:8": "break tree and collect wood"
        }
      },
      "tasks:9": {
        "0:10": {
          "partialMatch:1": 0,
          "autoConsume:1": 0,
          "groupDetect:1": 0,
          "ignoreNBT:1": 1,
          "index:3": 0,
          "consume:1": 0,
          "requiredItems:9": {
            "0:10": {
              "id:8": "tfc:wood/log/spruce",
              "Count:3": 2,
              "Damage:2": 32767,
              "OreDict:8": "logWood"
            }
          },
          "taskID:8": "bq_standard:retrieval"
        }
      },
      "rewards:9": {
        "0:10": {
          "rewardID:8": "bq_standard:item",
          "index:3": 0,
          "rewards:9": {
            "0:10": {
              "id:8": "tfc:stone/axe/igneous_intrusive",
              "Count:3": 1,
              "Damage:2": 0,
              "OreDict:8": ""
            },
            "1:10": {
              "id:8": "tfc:stone/shovel/igneous_intrusive",
              "Count:3": 1,
              "Damage:2": 0,
              "OreDict:8": ""
            },
            "2:10": {
              "id:8": "tfc:stone/knife/igneous_intrusive",
              "Count:3": 1,
              "Damage:2": 0,
              "OreDict:8": ""
            }
          }
        }
      }
    },
    "4:10": {
      "questID:3": 4,
      "preRequisites:11": [],
      "properties:10": {
        "betterquesting:10": {
          "issilent:1": 0,
          "snd_complete:8": "minecraft:entity.player.levelup",
          "lockedprogress:1": 0,
          "tasklogic:8": "AND",
          "repeattime:3": -1,
          "visibility:8": "NORMAL",
          "simultaneous:1": 0,
          "icon:10": {
            "id:8": "tfc:firepit",
            "Count:3": 1,
            "Damage:2": 0,
            "OreDict:8": ""
          },
          "globalshare:1": 0,
          "questlogic:8": "AND",
          "snd_update:8": "minecraft:entity.player.levelup",
          "autoclaim:1": 0,
          "repeat_relative:1": 1,
          "ismain:1": 0,
          "name:8": "Fire and You",
          "desc:8": "§rUse§r §n§rfirestarter§r to make firepit by §n§o§rstick,straw,log§r"
        }
      },
      "tasks:9": {
        "0:10": {
          "partialMatch:1": 1,
          "autoConsume:1": 0,
          "groupDetect:1": 0,
          "ignoreNBT:1": 0,
          "index:3": 0,
          "consume:1": 0,
          "requiredItems:9": {
            "0:10": {
              "id:8": "tfc:straw",
              "Count:3": 1,
              "Damage:2": 0,
              "OreDict:8": ""
            },
            "1:10": {
              "ForgeCaps:10": {
                "tfc:item_size:10": {
                  "heat:5": 0.0,
                  "ticks:4": -1
                }
              },
              "id:8": "minecraft:stick",
              "Count:3": 3,
              "Damage:2": 0,
              "OreDict:8": ""
            },
            "2:10": {
              "id:8": "tfc:wood/log/acacia",
              "Count:3": 1,
              "Damage:2": 0,
              "OreDict:8": "logWood"
            },
            "3:10": {
              "id:8": "tfc:firestarter",
              "Count:3": 1,
              "Damage:2": 0,
              "OreDict:8": ""
            }
          },
          "taskID:8": "bq_standard:retrieval"
        }
      },
      "rewards:9": {
        "0:10": {
          "rewardID:8": "bq_standard:item",
          "index:3": 0,
          "rewards:9": {
            "0:10": {
              "id:8": "tfc:wood/log/acacia",
              "Count:3": 10,
              "Damage:2": 0,
              "OreDict:8": ""
            }
          }
        }
      }
    },
    "5:10": {
      "questID:3": 5,
      "preRequisites:11": [
        2
      ],
      "properties:10": {
        "betterquesting:10": {
          "issilent:1": 0,
          "snd_complete:8": "minecraft:entity.player.levelup",
          "lockedprogress:1": 0,
          "tasklogic:8": "AND",
          "repeattime:3": -1,
          "visibility:8": "NORMAL",
          "simultaneous:1": 0,
          "icon:10": {
            "id:8": "immersiveengineering:stone_decoration",
            "Count:3": 1,
            "Damage:2": 0,
            "OreDict:8": ""
          },
          "globalshare:1": 0,
          "questlogic:8": "AND",
          "snd_update:8": "minecraft:entity.player.levelup",
          "autoclaim:1": 0,
          "repeat_relative:1": 1,
          "ismain:1": 0,
          "name:8": "Coke Oven",
          "desc:8": "No Description"
        }
      },
      "tasks:9": {
        "0:10": {
          "partialMatch:1": 1,
          "autoConsume:1": 0,
          "groupDetect:1": 0,
          "ignoreNBT:1": 0,
          "index:3": 0,
          "consume:1": 0,
          "requiredItems:9": {
            "0:10": {
              "id:8": "immersiveengineering:stone_decoration",
              "Count:3": 27,
              "Damage:2": 0,
              "OreDict:8": ""
            }
          },
          "taskID:8": "bq_standard:retrieval"
        }
      },
      "rewards:9": {
        "0:10": {
          "rewardID:8": "bq_standard:item",
          "index:3": 0,
          "rewards:9": {
            "0:10": {
              "id:8": "tfc:ore/bituminous_coal",
              "Count:3": 30,
              "Damage:2": 0,
              "OreDict:8": ""
            },
            "1:10": {
              "id:8": "immersiveengineering:tool",
              "Count:3": 1,
              "Damage:2": 0,
              "OreDict:8": ""
            }
          }
        }
      }
    },
    "6:10": {
      "questID:3": 6,
      "preRequisites:11": [
        3,
        2,
        4
      ],
      "properties:10": {
        "betterquesting:10": {
          "issilent:1": 0,
          "snd_complete:8": "minecraft:entity.player.levelup",
          "lockedprogress:1": 0,
          "tasklogic:8": "AND",
          "repeattime:3": -1,
          "visibility:8": "NORMAL",
          "simultaneous:1": 0,
          "icon:10": {
            "id:8": "tfc:wood/lumber/oak",
            "Count:3": 1,
            "Damage:2": 0,
            "OreDict:8": ""
          },
          "globalshare:1": 0,
          "questlogic:8": "AND",
          "snd_update:8": "minecraft:entity.player.levelup",
          "autoclaim:1": 0,
          "repeat_relative:1": 1,
          "ismain:1": 0,
          "name:8": "Wooden Plank",
          "desc:8": "No Description"
        }
      },
      "tasks:9": {
        "0:10": {
          "partialMatch:1": 1,
          "autoConsume:1": 0,
          "groupDetect:1": 0,
          "ignoreNBT:1": 0,
          "index:3": 0,
          "consume:1": 0,
          "requiredItems:9": {
            "0:10": {
              "id:8": "tfc:wood/lumber/acacia",
              "Count:3": 10,
              "Damage:2": 0,
              "OreDict:8": "lumber"
            }
          },
          "taskID:8": "bq_standard:retrieval"
        }
      },
      "rewards:9": {
        "0:10": {
          "rewardID:8": "bq_standard:item",
          "index:3": 0,
          "rewards:9": {
            "0:10": {
              "id:8": "storagedrawers:basicdrawers",
              "Count:3": 4,
              "tag:10": {
                "material:8": "oak"
              },
              "Damage:2": 0,
              "OreDict:8": ""
            }
          }
        }
      }
    },
    "7:10": {
      "questID:3": 7,
      "preRequisites:11": [
        6
      ],
      "properties:10": {
        "betterquesting:10": {
          "issilent:1": 0,
          "snd_complete:8": "minecraft:entity.player.levelup",
          "lockedprogress:1": 0,
          "tasklogic:8": "AND",
          "repeattime:3": -1,
          "visibility:8": "NORMAL",
          "simultaneous:1": 0,
          "icon:10": {
            "id:8": "thermalfoundation:material",
            "Count:3": 1,
            "Damage:2": 22,
            "OreDict:8": ""
          },
          "globalshare:1": 0,
          "questlogic:8": "AND",
          "snd_update:8": "minecraft:entity.player.levelup",
          "autoclaim:1": 0,
          "repeat_relative:1": 1,
          "ismain:1": 0,
          "name:8": "Start of Mechanic",
          "desc:8": "No Description"
        }
      },
      "tasks:9": {
        "0:10": {
          "partialMatch:1": 1,
          "autoConsume:1": 0,
          "groupDetect:1": 0,
          "ignoreNBT:1": 0,
          "index:3": 0,
          "consume:1": 0,
          "requiredItems:9": {
            "0:10": {
              "id:8": "rustichromia:axle_wood",
              "Count:3": 10,
              "Damage:2": 0,
              "OreDict:8": ""
            },
            "1:10": {
              "id:8": "rustichromia:ratiobox",
              "Count:3": 2,
              "Damage:2": 0,
              "OreDict:8": ""
            },
            "2:10": {
              "id:8": "rustichromia:windmill",
              "Count:3": 1,
              "Damage:2": 0,
              "OreDict:8": ""
            }
          },
          "taskID:8": "bq_standard:retrieval"
        }
      },
      "rewards:9": {
        "0:10": {
          "rewardID:8": "bq_standard:item",
          "index:3": 0,
          "rewards:9": {
            "0:10": {
              "id:8": "rustichromia:quern",
              "Count:3": 1,
              "Damage:2": 0,
              "OreDict:8": ""
            }
          }
        }
      }
    },
    "8:10": {
      "questID:3": 8,
      "preRequisites:11": [
        5
      ],
      "properties:10": {
        "betterquesting:10": {
          "issilent:1": 0,
          "snd_complete:8": "minecraft:entity.player.levelup",
          "lockedprogress:1": 0,
          "tasklogic:8": "AND",
          "repeattime:3": -1,
          "visibility:8": "NORMAL",
          "simultaneous:1": 0,
          "icon:10": {
            "id:8": "tfc:crop/product/jute_fiber",
            "Count:3": 1,
            "Damage:2": 0,
            "OreDict:8": ""
          },
          "globalshare:1": 0,
          "questlogic:8": "AND",
          "snd_update:8": "minecraft:entity.player.levelup",
          "autoclaim:1": 0,
          "repeat_relative:1": 1,
          "ismain:1": 0,
          "name:8": "Fiber",
          "desc:8": "No Description"
        }
      },
      "tasks:9": {
        "0:10": {
          "partialMatch:1": 1,
          "autoConsume:1": 0,
          "groupDetect:1": 0,
          "ignoreNBT:1": 0,
          "index:3": 0,
          "consume:1": 0,
          "requiredItems:9": {
            "0:10": {
              "id:8": "tfc:crop/product/jute_fiber",
              "Count:3": 10,
              "Damage:2": 0,
              "OreDict:8": ""
            }
          },
          "taskID:8": "bq_standard:retrieval"
        }
      },
      "rewards:9": {
        "0:10": {
          "rewardID:8": "bq_standard:item",
          "index:3": 0,
          "rewards:9": {
            "0:10": {
              "id:8": "immersiveengineering:wooden_device1",
              "Count:3": 1,
              "Damage:2": 1,
              "OreDict:8": ""
            }
          }
        }
      }
    },
    "9:10": {
      "questID:3": 9,
      "preRequisites:11": [
        7,
        8
      ],
      "properties:10": {
        "betterquesting:10": {
          "issilent:1": 0,
          "snd_complete:8": "minecraft:entity.player.levelup",
          "lockedprogress:1": 0,
          "tasklogic:8": "AND",
          "repeattime:3": -1,
          "visibility:8": "NORMAL",
          "simultaneous:1": 0,
          "icon:10": {
            "id:8": "rustichromia:gin",
            "Count:3": 1,
            "Damage:2": 0,
            "OreDict:8": ""
          },
          "globalshare:1": 0,
          "questlogic:8": "AND",
          "snd_update:8": "minecraft:entity.player.levelup",
          "autoclaim:1": 0,
          "repeat_relative:1": 1,
          "ismain:1": 0,
          "name:8": "Too many fibers",
          "desc:8": "No Description"
        }
      },
      "tasks:9": {
        "0:10": {
          "partialMatch:1": 1,
          "autoConsume:1": 0,
          "groupDetect:1": 0,
          "ignoreNBT:1": 0,
          "index:3": 0,
          "consume:1": 0,
          "requiredItems:9": {
            "0:10": {
              "id:8": "rustichromia:gin",
              "Count:3": 1,
              "Damage:2": 0,
              "OreDict:8": ""
            }
          },
          "taskID:8": "bq_standard:retrieval"
        }
      },
      "rewards:9": {}
    },
    "10:10": {
      "questID:3": 10,
      "preRequisites:11": [],
      "properties:10": {
        "betterquesting:10": {
          "issilent:1": 0,
          "snd_complete:8": "minecraft:entity.player.levelup",
          "lockedprogress:1": 0,
          "tasklogic:8": "AND",
          "repeattime:3": -1,
          "visibility:8": "NORMAL",
          "simultaneous:1": 0,
          "icon:10": {
            "id:8": "minecraft:nether_star",
            "Count:3": 1,
            "Damage:2": 0,
            "OreDict:8": ""
          },
          "globalshare:1": 0,
          "questlogic:8": "AND",
          "snd_update:8": "minecraft:entity.player.levelup",
          "autoclaim:1": 0,
          "repeat_relative:1": 1,
          "ismain:1": 0,
          "name:8": "New Quest",
          "desc:8": "No Description"
        }
      },
      "tasks:9": {},
      "rewards:9": {}
    }
  },
  "questLines:9": {
    "0:10": {
      "quests:9": {
        "0:10": {
          "sizeX:3": 24,
          "x:3": -420,
          "y:3": -312,
          "id:3": 0,
          "sizeY:3": 24
        },
        "1:10": {
          "sizeX:3": 24,
          "x:3": -420,
          "y:3": -276,
          "id:3": 1,
          "sizeY:3": 24
        },
        "2:10": {
          "sizeX:3": 24,
          "x:3": -420,
          "y:3": -240,
          "id:3": 2,
          "sizeY:3": 24
        },
        "3:10": {
          "sizeX:3": 24,
          "x:3": -468,
          "y:3": -312,
          "id:3": 3,
          "sizeY:3": 24
        },
        "4:10": {
          "sizeX:3": 24,
          "x:3": -516,
          "y:3": -312,
          "id:3": 4,
          "sizeY:3": 24
        },
        "5:10": {
          "sizeX:3": 24,
          "x:3": -420,
          "y:3": -180,
          "id:3": 5,
          "sizeY:3": 24
        },
        "6:10": {
          "sizeX:3": 24,
          "x:3": -468,
          "y:3": -192,
          "id:3": 6,
          "sizeY:3": 24
        },
        "7:10": {
          "sizeX:3": 24,
          "x:3": -516,
          "y:3": -192,
          "id:3": 7,
          "sizeY:3": 24
        },
        "8:10": {
          "sizeX:3": 24,
          "x:3": -420,
          "y:3": -144,
          "id:3": 8,
          "sizeY:3": 24
        },
        "9:10": {
          "sizeX:3": 24,
          "x:3": -516,
          "y:3": -144,
          "id:3": 9,
          "sizeY:3": 24
        },
        "10:10": {
          "sizeX:3": 24,
          "x:3": -372,
          "y:3": -240,
          "id:3": 10,
          "sizeY:3": 24
        }
      },
      "lineID:3": 0,
      "properties:10": {
        "betterquesting:10": {
          "visibility:8": "NORMAL",
          "name:8": "TFC",
          "icon:10": {
            "id:8": "rustichromia:gear_wood",
            "Count:3": 1,
            "Damage:2": 0,
            "OreDict:8": ""
          },
          "bg_image:8": "",
          "bg_size:3": 256,
          "desc:8": "No Description"
        }
      },
      "order:3": 0
    }
  },
  "questSettings:10": {
    "betterquesting:10": {
      "livesdef:3": 3,
      "pack_name:8": "",
      "home_anchor_y:5": 0.0,
      "livesmax:3": 10,
      "home_anchor_x:5": 0.5,
      "editmode:1": 1,
      "hardcore:1": 0,
      "home_image:8": "betterquesting:textures/gui/default_title.png",
      "party_enable:1": 1,
      "pack_version:3": 0,
      "home_offset_x:3": -128,
      "home_offset_y:3": 0
    }
  }
}