{
  "questProgress:9": {
    "0:10": {
      "questID:3": 0,
      "completed:9": {
        "0:10": {
          "claimed:1": 0,
          "uuid:8": "d60956f3-2fbe-4a13-9211-8387d008c5ad",
          "timestamp:4": 1582704006286
        }
      },
      "tasks:9": {
        "0:10": {
          "completeUsers:9": {},
          "userProgress:9": {},
          "index:3": 0,
          "taskID:8": "bq_standard:retrieval"
        }
      }
    },
    "1:10": {
      "questID:3": 1,
      "completed:9": {
        "0:10": {
          "claimed:1": 1,
          "uuid:8": "d60956f3-2fbe-4a13-9211-8387d008c5ad",
          "timestamp:4": 1582707120438
        }
      },
      "tasks:9": {
        "0:10": {
          "completeUsers:9": {},
          "userProgress:9": {},
          "index:3": 0,
          "taskID:8": "bq_standard:retrieval"
        }
      }
    },
    "2:10": {
      "questID:3": 2,
      "completed:9": {
        "0:10": {
          "claimed:1": 1,
          "uuid:8": "d60956f3-2fbe-4a13-9211-8387d008c5ad",
          "timestamp:4": 1582711587980
        }
      },
      "tasks:9": {
        "0:10": {
          "completeUsers:9": {},
          "userProgress:9": {},
          "index:3": 0,
          "taskID:8": "bq_standard:retrieval"
        }
      }
    },
    "3:10": {
      "questID:3": 3,
      "completed:9": {
        "0:10": {
          "claimed:1": 1,
          "uuid:8": "d60956f3-2fbe-4a13-9211-8387d008c5ad",
          "timestamp:4": 1582703337886
        }
      },
      "tasks:9": {
        "0:10": {
          "completeUsers:9": {
            "0:8": "d60956f3-2fbe-4a13-9211-8387d008c5ad"
          },
          "userProgress:9": {
            "0:10": {
              "data:9": {
                "0:3": 2
              },
              "uuid:8": "d60956f3-2fbe-4a13-9211-8387d008c5ad"
            }
          },
          "index:3": 0,
          "taskID:8": "bq_standard:retrieval"
        }
      }
    },
    "4:10": {
      "questID:3": 4,
      "completed:9": {
        "0:10": {
          "claimed:1": 1,
          "uuid:8": "d60956f3-2fbe-4a13-9211-8387d008c5ad",
          "timestamp:4": 1582703997084
        }
      },
      "tasks:9": {
        "0:10": {
          "completeUsers:9": {},
          "userProgress:9": {},
          "index:3": 0,
          "taskID:8": "bq_standard:retrieval"
        }
      }
    },
    "5:10": {
      "questID:3": 5,
      "completed:9": {
        "0:10": {
          "claimed:1": 1,
          "uuid:8": "d60956f3-2fbe-4a13-9211-8387d008c5ad",
          "timestamp:4": 1582711656211
        }
      },
      "tasks:9": {
        "0:10": {
          "completeUsers:9": {
            "0:8": "d60956f3-2fbe-4a13-9211-8387d008c5ad"
          },
          "userProgress:9": {
            "0:10": {
              "data:9": {
                "0:3": 27
              },
              "uuid:8": "d60956f3-2fbe-4a13-9211-8387d008c5ad"
            }
          },
          "index:3": 0,
          "taskID:8": "bq_standard:retrieval"
        }
      }
    },
    "6:10": {
      "questID:3": 6,
      "completed:9": {},
      "tasks:9": {
        "0:10": {
          "completeUsers:9": {},
          "userProgress:9": {},
          "index:3": 0,
          "taskID:8": "bq_standard:retrieval"
        }
      }
    },
    "7:10": {
      "questID:3": 7,
      "completed:9": {
        "0:10": {
          "claimed:1": 1,
          "uuid:8": "d60956f3-2fbe-4a13-9211-8387d008c5ad",
          "timestamp:4": 1582719220973
        }
      },
      "tasks:9": {
        "0:10": {
          "completeUsers:9": {},
          "userProgress:9": {},
          "index:3": 0,
          "taskID:8": "bq_standard:retrieval"
        }
      }
    },
    "8:10": {
      "questID:3": 8,
      "completed:9": {},
      "tasks:9": {
        "0:10": {
          "completeUsers:9": {},
          "userProgress:9": {
            "0:10": {
              "data:9": {
                "0:3": 1
              },
              "uuid:8": "d60956f3-2fbe-4a13-9211-8387d008c5ad"
            }
          },
          "index:3": 0,
          "taskID:8": "bq_standard:retrieval"
        }
      }
    },
    "9:10": {
      "questID:3": 9,
      "completed:9": {},
      "tasks:9": {
        "0:10": {
          "completeUsers:9": {},
          "userProgress:9": {},
          "index:3": 0,
          "taskID:8": "bq_standard:retrieval"
        }
      }
    },
    "10:10": {
      "questID:3": 10,
      "completed:9": {},
      "tasks:9": {}
    }
  }
}