{"stat.mineBlock.tfc.clay_grass/andesite":15,"stat.useItem.tfc.food/rice_bread":1,"stat.leaveGame":6,"stat.pickup.simplewoodenpipes.pipe":10,"stat.drop.tfctech.powder/ash":20,"stat.useItem.tfc.stone/shovel/igneous_intrusive":70,"stat.mineBlock.tfc.plants/nasturtium":1,"stat.drop.rustichromia.dust_wood":64,"stat.pickup.tfc.hide/sheepskin/medium":11,"stat.pickup.tfc.firestarter":1,"stat.drop.minecraft.feather":1,"stat.mineBlock.tfc.plants/switchgrass":9,"stat.useItem.minecraft.water_bucket":1,"stat.pickup.tfc.ceramics/fired/vessel":1,"stat.pickup.tfc.hide/raw/medium":40,"stat.mineBlock.tfc.gravel/andesite":15,"stat.useItem.tfc.metal/pick/copper":16,"stat.pickup.tfc.plants/nasturtium":1,"stat.pickup.tfc.raw/andesite":3,"stat.pickup.tfc.hide/raw/large":11,"stat.pickup.tfc.food/pheasant":6,"stat.pickup.tfctech.metal/bismuth_bronze_wire":1,"stat.pickup.tfc.rock/phyllite":185,"stat.pickup.prodigytech.wormhole_funnel":1,"stat.drop.tfc.plants/nasturtium":1,"stat.useItem.tfc.gravel/andesite":2,"stat.drop.dynamictreestfc.seed/hevea":9,"stat.useItem.rustic.elixir":2,"stat.mineBlock.tfc.ore/native_copper/andesite":1,"stat.useItem.tfc.food/rabbit":4,"stat.pickup.tfc.ore/tetrahedrite":16,"stat.pickup.tfc.gem/topaz":2,"stat.craftItem.tfctech.ceramics/fluid_bowl":1,"stat.drop.tfctech.fridge":1,"stat.drop.tfc.firestarter":1,"stat.mineBlock.tfc.plants/ryegrass":5,"stat.useItem.rustic.wildberries":2,"stat.pickup.tfc.cobble/andesite":1,"stat.useItem.minecraft.flint_and_steel":10,"stat.drop.dynamictreestfc.seed/sequoia":4,"stat.drop.dynamictreestfc.seed/oak":4,"stat.pickup.tfc.raw/phyllite":3,"stat.mineBlock.tfc.raw/andesite":2,"stat.pickup.minecraft.lever":2,"stat.drop.tfc.rock/claystone":62,"stat.deaths":2,"stat.playOneMinute":961081,"stat.craftItem.tfc.stone/knife/igneous_extrusive":2,"stat.pickup.tfc.rock/andesite":227,"stat.useItem.immersiveengineering.wooden_device0":10,"stat.pickup.enderio.item_liquid_conduit":2,"stat.mineBlock.tfctech.smeltery_cauldron":1,"stat.useItem.rustic.horsetail":2,"stat.drop.minecraft.torch":1,"stat.drop.minecraft.glass_bottle":1,"stat.pickup.tfc.wood/log/sequoia":17,"stat.useItem.minecraft.splash_potion":13,"stat.drop.tfc.ore/bituminous_coal":21,"stat.pickup.minecraft.arrow":1,"stat.pickup.tfc.ore/bituminous_coal":21,"stat.useItem.tfc.stone/knife/igneous_intrusive":60,"stat.drop.tfc.rock/andesite":1,"stat.drop.immersiveengineering.metal_device1":32,"stat.fallOneCm":91047,"stat.pickup.tfctech.smeltery_firebox":2,"stat.pickup.dynamictreestfc.seed/oak":14,"stat.mineBlock.rustic.horsetail":9,"stat.crouchOneCm":19750,"stat.useItem.tfc.raw/limestone":13,"stat.useItem.tfc.stone/shovel/igneous_extrusive":4,"stat.mineBlock.minecraft.lever":2,"stat.pickup.minecraft.melon":54,"stat.craftingTableInteraction":8,"stat.pickup.rustic.horsetail":17,"stat.pickup.tfc.gem/sapphire":1,"stat.pickup.minecraft.feather":9,"stat.drop.minecraft.bone":1,"stat.pickup.waterflasks.iron_flask":1,"stat.useItem.tfc.cobble/andesite":14,"stat.pickup.immersiveengineering.stone_decoration":1,"stat.pickup.tfc.food/horse_meat":16,"stat.drop.betterquesting.guide_book":1,"stat.useItem.tfc.food/pheasant":1,"stat.pickup.minecraft.lead":2,"stat.pickup.tfc.wood/log/hevea":52,"stat.drop.appliedenergistics2.facade":1,"stat.craftItem.tfc.firestarter":3,"stat.drop.minecraft.stick":27,"stat.pickup.minecraft.flint_and_steel":1,"stat.useItem.minecraft.torch":12,"stat.useItem.tfc.food/cooked_rabbit":1,"stat.drop.tfctech.smeltery_cauldron":8,"stat.pickup.tfc.food/wolf":6,"stat.drop.rustic.horsetail":1,"stat.useItem.rustichromia.hopper_wood":1,"stat.pickup.tfc.dirt/andesite":132,"stat.drop.tfctech.wire_draw_bench":1,"stat.pickup.tfctech.powder/ash":19,"stat.pickup.rustichromia.gin":1,"stat.useItem.tfc.wood/log/acacia":3,"stat.craftItem.tfctech.pot_ash":1,"stat.drop.tfc.ceramics/unfired/bowl":1,"stat.pickup.tfc.plants/houstonia":1,"stat.pickup.waterflasks.bladder":43,"stat.mineBlock.tfc.wood/barrel/acacia":1,"stat.mineBlock.tfc.plants/morning_glory":1,"stat.drop.enderio.item_liquid_conduit":62,"stat.useItem.chisel.dirt":2,"stat.mineBlock.tfc.plants/moss":4,"stat.useItem.tfc.metal/pick/black_steel":21,"stat.useItem.tfc.goldpan":339,"stat.useItem.tfc.stone/shovel/sedimentary":51,"stat.killEntity.wolftfc":1,"stat.useItem.tfc.food/cooked_beef":5,"stat.pickup.immersiveengineering.metal_device1":12,"stat.useItem.prodigytech.wormhole_linker":16,"stat.sneakTime":11290,"stat.mineBlock.tfc.charcoal_forge":1,"stat.pickup.tfc.food/mutton":11,"stat.pickup.tfc.ore/small/tetrahedrite":4,"stat.useItem.tfc.stone/knife/igneous_extrusive":35,"stat.pickup.minecraft.bone":85,"stat.useItem.engineerstools.ariadne_coal":7,"stat.pickup.tfc.metal/shovel/copper":1,"stat.pickup.dynamictreestfc.seed/hevea":20,"stat.useItem.tfc.thatch":5,"stat.pickup.minecraft.flint":8,"stat.pickup.dynamictreestfc.seed/sequoia":4,"stat.mineBlock.gravelores.coal_gravel_ore":13,"stat.pickup.immersiveengineering.wooden_device0":27,"stat.drop.tfc.ore/native_copper":16,"stat.craftItem.tfc.stone/axe/igneous_extrusive":2,"stat.useItem.tfc.stone/axe/igneous_extrusive":10,"stat.pickup.tfc.bellows":1,"stat.swimOneCm":16695,"stat.climbOneCm":9319,"stat.useItem.thermaldynamics.duct_16":1,"stat.useItem.minecraft.stone_slab2":89,"stat.mineBlock.tfc.plants/allium":1,"stat.pickup.tfc.stone/knife/igneous_extrusive":1,"stat.drop.tfc.wood/log/hevea":16,"stat.drop.theoneprobe.probenote":1,"stat.useItem.immersivetech.metal_device":6,"stat.drop.tfc.straw":3,"stat.craftItem.tfc.thatch":6,"stat.pickup.tfc.food/bear":1,"stat.flyOneCm":565002,"stat.pickup.minecraft.glass_bottle":7,"stat.useItem.tfc.crop/seeds/cabbage":1,"stat.mineBlock.tfc.grass/andesite":37,"stat.mineBlock.tfc.plants/houstonia":1,"stat.timeSinceDeath":95958,"stat.mineBlock.tfc.plants/foxglove":1,"stat.useItem.tfc.food/cooked_pheasant":1,"stat.drop.tfc.food/rabbit":1,"stat.pickup.tfc.stone/axe/igneous_intrusive":1,"stat.drop.minecraft.coal":26,"stat.useItem.minecraft.lever":1,"stat.pickup.minecraft.wooden_axe":1,"stat.drop.tfctech.powder/lime":63,"stat.useItem.immersivepetroleum.schematic":1,"stat.pickup.alternatingflux.material":1,"stat.drop.tfc.dirt/andesite":2,"stat.pickup.minecraft.string":2,"stat.pickup.tfc.wood/log/acacia":13,"stat.pickup.tfc.metal/propick/copper":1,"stat.mineBlock.tfc.dirt/andesite":51,"stat.useItem.tfc.metal/propick/copper":102,"stat.mineBlock.minecraft.ladder":1,"stat.sprintOneCm":338158,"stat.pickup.immersiveengineering.tool":1,"stat.pickup.tfc.plants/rough_horsetail":1,"stat.useItem.enderio.item_yeta_wrench":2,"stat.useItem.tfc.food/cooked_chicken":1,"stat.drop.tfc.metal/pick/black_steel":1,"stat.craftItem.tfctech.powder/potash":1,"stat.mineBlock.simplewoodenpipes.pump":4,"stat.mineBlock.tfc.bellows":1,"stat.drop":109,"stat.mineBlock.tfctech.smeltery_firebox":2,"stat.useItem.minecraft.ladder":43,"stat.craftItem.tfc.stone/shovel/igneous_extrusive":1,"stat.diveOneCm":2784,"stat.mineBlock.immersiveengineering.metal_device1":12,"stat.useItem.tfc.stone/axe/igneous_intrusive":1,"stat.mineBlock.tfc.cobble/andesite":1,"stat.useItem.immersiveengineering.tool":2,"stat.mineBlock.simplewoodenpipes.pipe":11,"stat.pickup.tfc.goldpan":1,"stat.useItem.minecraft.potion":5,"stat.pickup.tfc.wood/log/oak":7,"stat.useItem.immersiveengineering.stone_decoration":29,"stat.jump":3320,"stat.useItem.tfc.dirt/andesite":42,"stat.pickup.minecraft.coal":49,"stat.pickup.tfc.sluice":1,"stat.mineBlock.tfc.wood/barrel/ash":1,"stat.craftItem.tfc.wood/workbench/blackwood":1,"stat.pickup.tfc.food/venison":6,"stat.pickup.appliedenergistics2.facade":1,"stat.useItem.minecraft.cooked_chicken":3,"stat.pickup.tfc.straw":52,"stat.pickup.tfc.wood/log/douglas_fir":12,"stat.pickup.simplewoodenpipes.pump":4,"stat.pickup.tfc.ore/small/native_copper":4,"stat.pickup.tfc.food/rabbit":9,"stat.damageTaken":1300,"stat.useItem.tfctech.smeltery_firebox":4,"stat.pickup.tfc.wood/barrel/acacia":1,"stat.mineBlock.minecraft.torch":1,"stat.useItem.enderio.item_liquid_conduit":4,"stat.pickup.tfc.crop/seeds/cabbage":7,"stat.pickup.tfc.wood/barrel/ash":1,"stat.useItem.tfctech.smeltery_cauldron":3,"stat.mineBlock.tfc.wood/log/acacia":3,"stat.useItem.simplewoodenpipes.pipe":16,"stat.useItem.forge.bucketfilled":1,"stat.drop.tfctech.electric_forge":1,"stat.drop.tfc.food/chicken":1,"stat.damageDealt":425,"stat.useItem.immersiveengineering.metal_device1":14,"stat.sleepInBed":1,"stat.drop.tfctech.powder/potash":64,"stat.walkOneCm":412341,"stat.useItem.tfc.firestarter":16,"stat.pickup.minecraft.stick":71,"stat.pickup.minecraft.clay_ball":99,"stat.useItem.minecraft.tnt":78,"stat.pickup.tfc.ore/native_copper":18,"stat.mineBlock.thermaldynamics.duct_16":1,"stat.craftItem.tfc.cobble/andesite":16,"stat.pickup.questbook.itemquestbook":2,"stat.pickup.tfc.gravel/andesite":16,"stat.drop.enderio.item_yeta_wrench":1,"stat.useItem.minecraft.melon":28,"stat.pickup.tfc.ceramics/unfired/bowl":1,"stat.pickup.minecraft.tnt":57,"stat.pickup.tfc.food/pork":15,"stat.drop.tfctech.smeltery_firebox":7,"stat.mineBlock.tfc.plants/scutch_grass":74,"stat.drop.tfctech.ceramics/fluid_bowl":1,"stat.pickup.tfctech.smeltery_cauldron":1,"stat.pickup.minecraft.ladder":31,"stat.drop.tfc.gravel/andesite":13,"stat.pickup.thermaldynamics.servo":1,"stat.drop.tfctech.metal/black_steel_blowpipe":1,"stat.pickup.tfc.hide/raw/small":11,"stat.mineBlock.minecraft.tnt":3,"stat.drop.tfctech.ceramics/mold/glass_block":1,"stat.useItem.engineerstools.sleeping_bag":1,"stat.useItem.tfc.metal/shovel/copper":3,"stat.mobKills":3,"stat.pickup.tfc.food/chicken":2,"stat.pickup.tfc.stone/axe/igneous_extrusive":1,"stat.pickup.minecraft.torch":7,"stat.pickup.tfc.food/beef":10,"stat.mineBlock.immersiveengineering.stone_decoration":2,"stat.useItem.tfc.food/onion":1}