{"stat.walkOneCm":56944,"stat.drop.tfc.ore/bismuthinite":1,"stat.pickup.rustic.wind_thistle":2,"stat.pickup.rustichromia.axle_wood":2,"stat.pickup.rustic.grapes":472,"stat.drop.tfc.crop/product/jute_fiber":2,"stat.leaveGame":2,"stat.useItem.minecraft.glass_bottle":15,"stat.pickup.rustichromia.ratiobox":1,"stat.damageTaken":530,"stat.pickup.rustic.wildberries":1,"stat.flyOneCm":195247,"stat.pickup.minecraft.glass_bottle":9,"stat.deaths":1,"stat.pickup.mysticalmechanics.gear_iron":64,"stat.drop":4,"stat.useItem.rustichromia.axle_wood":9,"stat.pickup.tfc.dirt/andesite":1,"stat.jump":299,"stat.swimOneCm":616,"stat.playOneMinute":137201,"stat.fallOneCm":3650,"stat.climbOneCm":631,"stat.useItem.rustic.fluid_bottle":15,"stat.sneakTime":1501,"stat.useItem.immersiveengineering.metal_device1":1,"stat.crouchOneCm":2221,"stat.timeSinceDeath":16150,"stat.pickup.tfc.crop/product/jute_fiber":2,"stat.drop.minecraft.glass_bottle":1,"stat.sprintOneCm":16008,"stat.useItem.minecraft.stone_slab2":51,"stat.pickup.rustic.fluid_bottle":1}