{"stat.chestOpened":7,"stat.pickup.mysticalmechanics.gear_gold_off":64,"stat.walkOneCm":113538,"stat.pickup.minecraft.stick":130,"stat.leaveGame":4,"stat.pickup.rustic.grapes":112,"stat.pickup.thermalfoundation.material":1,"stat.pickup.rustichromia.dust_wood":130,"stat.useItem.enderio.item_liquid_conduit":4,"stat.pickup.rustichromia.cotton":9,"stat.pickup.mysticalmechanics.gearbox_frame":1,"stat.flyOneCm":21463,"stat.useItem.tfc.metal/hoe/black_bronze":2,"stat.pickup.mysticalmechanics.gear_iron":5,"stat.drop":2,"stat.jump":357,"stat.playOneMinute":67029,"stat.fallOneCm":209,"stat.sneakTime":6295,"stat.pickup.rustichromia.cotton_wool":256,"stat.pickup.mysticalmechanics.gear_gold_on":65,"stat.pickup.rustichromia.cotton_seed":256,"stat.useItem.immersiveengineering.metal_device0":2,"stat.useItem.immersiveengineering.metal_device1":4,"stat.crouchOneCm":10701,"stat.useItem.rustichromia.cotton_seed":1,"stat.timeSinceDeath":67029,"stat.sprintOneCm":9405,"stat.useItem.minecraft.stone_slab2":295,"stat.drop.rustichromia.cotton":2}